application_id,user_id,application_at,credit_score,approved,activated
1,100001,2026-05-31 13:12:00,636,1,1
2,100006,2026-05-20 16:32:00,570,1,1
3,100007,2026-05-20 09:00:00,602,0,0
4,100014,2026-06-10 15:45:00,805,1,1
5,100018,2026-05-23 13:05:00,601,0,0
6,100022,2026-06-09 04:43:00,850,1,1
7,100036,2026-05-28 22:26:00,563,0,0
8,100040,2026-06-03 02:20:00,561,1,1
9,100041,2026-05-24 08:55:00,515,1,1
10,100050,2026-05-22 17:51:00,613,0,0
11,100065,2026-05-13 17:30:00,698,1,1
12,100069,2026-06-01 02:32:00,639,0,0
13,100070,2026-06-10 10:13:00,687,1,1
14,100073,2026-05-06 08:34:00,615,0,0
15,100079,2026-06-05 16:15:00,691,1,1
16,100095,2026-06-01 18:42:00,570,1,0
17,100098,2026-05-29 10:01:00,638,1,1
18,100104,2026-05-23 23:06:00,573,1,0
19,100105,2026-06-07 20:12:00,696,0,0
20,100115,2026-05-22 01:04:00,703,1,1
21,100118,2026-05-06 07:37:00,651,1,1
22,100120,2026-05-19 22:02:00,519,1,1
23,100124,2026-06-05 12:29:00,665,1,0
24,100139,2026-05-06 00:47:00,704,1,1
25,100145,2026-06-02 22:05:00,694,1,1
26,100161,2026-05-30 08:35:00,678,1,1
27,100163,2026-05-23 21:28:00,490,0,0
28,100169,2026-06-02 01:31:00,532,1,1
29,100174,2026-05-24 20:34:00,579,1,1
30,100176,2026-05-19 09:54:00,701,1,1
31,100178,2026-05-17 06:52:00,565,1,1
32,100182,2026-05-10 13:17:00,636,0,0
33,100185,2026-05-27 00:27:00,646,0,0
34,100188,2026-05-25 11:46:00,700,1,1
35,100198,2026-05-13 01:04:00,729,1,1
36,100199,2026-06-14 20:09:00,668,0,0
37,100210,2026-05-25 08:47:00,606,0,0
38,100213,2026-05-15 02:27:00,682,0,0
39,100215,2026-05-15 05:29:00,669,1,1
40,100219,2026-05-23 03:39:00,605,1,1
41,100222,2026-06-05 15:39:00,657,0,0
42,100225,2026-05-15 16:13:00,558,1,1
43,100226,2026-05-17 08:30:00,615,1,0
44,100234,2026-05-29 08:43:00,611,1,1
45,100240,2026-05-08 17:46:00,664,1,0
46,100251,2026-05-07 10:53:00,713,1,1
47,100253,2026-06-03 15:48:00,689,1,1
48,100254,2026-05-25 06:26:00,661,0,0
49,100256,2026-05-29 02:54:00,555,1,0
50,100259,2026-05-30 19:00:00,752,1,0
51,100283,2026-06-06 02:13:00,722,1,0
52,100288,2026-06-15 15:29:00,609,1,1
53,100296,2026-05-09 15:13:00,666,0,0
54,100299,2026-05-05 03:24:00,696,0,0
55,100309,2026-06-06 10:26:00,671,1,1
56,100311,2026-05-13 21:56:00,618,1,1
57,100318,2026-05-19 16:19:00,692,1,1
58,100324,2026-06-12 08:35:00,590,1,1
59,100326,2026-05-20 00:55:00,661,0,0
60,100338,2026-06-02 07:05:00,706,1,1
61,100339,2026-05-15 05:38:00,695,1,1
62,100342,2026-05-09 13:50:00,586,0,0
63,100346,2026-05-25 08:12:00,680,0,0
64,100349,2026-05-24 14:25:00,658,0,0
65,100359,2026-05-11 14:44:00,624,0,0
66,100370,2026-05-12 10:10:00,636,1,1
67,100376,2026-06-09 02:18:00,591,0,0
68,100389,2026-05-17 06:08:00,527,1,1
69,100411,2026-05-08 02:18:00,649,0,0
70,100413,2026-05-18 09:48:00,690,1,1
71,100418,2026-05-31 15:10:00,671,1,1
72,100422,2026-05-20 22:08:00,587,1,1
73,100431,2026-05-29 15:18:00,725,0,0
74,100433,2026-05-19 18:58:00,638,1,0
75,100466,2026-05-26 03:13:00,642,0,0
76,100484,2026-06-01 10:25:00,694,1,1
77,100486,2026-05-18 04:14:00,610,1,1
78,100489,2026-06-06 10:51:00,612,0,0
79,100494,2026-06-05 02:48:00,850,1,1
80,100499,2026-06-16 22:54:00,606,1,1
81,100503,2026-05-17 14:53:00,633,1,1
82,100505,2026-05-21 08:28:00,684,1,1
83,100511,2026-05-28 21:06:00,827,1,1
84,100513,2026-05-10 07:16:00,729,1,1
85,100520,2026-05-24 12:42:00,565,1,0
86,100524,2026-06-07 02:46:00,850,1,1
87,100540,2026-06-01 12:25:00,691,1,0
88,100559,2026-05-10 15:59:00,618,1,1
89,100575,2026-06-05 22:05:00,574,1,1
90,100582,2026-05-08 19:29:00,516,0,0
91,100584,2026-05-18 12:36:00,644,1,1
92,100586,2026-05-10 14:29:00,675,0,0
93,100587,2026-05-22 07:26:00,806,0,0
94,100588,2026-05-17 17:27:00,561,1,1
95,100595,2026-05-13 06:35:00,666,0,0
96,100602,2026-05-18 19:25:00,616,0,0
97,100604,2026-05-23 20:56:00,499,0,0
98,100607,2026-05-27 11:35:00,560,1,1
99,100612,2026-05-06 09:45:00,649,1,1
100,100614,2026-05-16 11:06:00,641,1,1
101,100617,2026-05-07 17:46:00,761,1,1
102,100618,2026-05-28 08:27:00,634,1,1
103,100627,2026-05-25 22:27:00,714,1,1
104,100628,2026-06-06 11:12:00,746,1,1
105,100632,2026-05-31 23:54:00,540,1,1
106,100633,2026-05-10 15:33:00,717,1,1
107,100640,2026-05-10 22:19:00,588,1,1
108,100649,2026-05-09 10:33:00,710,0,0
109,100652,2026-05-19 21:08:00,594,0,0
110,100654,2026-05-13 21:58:00,614,1,1
111,100656,2026-05-17 03:51:00,540,1,1
112,100657,2026-05-20 07:46:00,802,1,0
113,100659,2026-05-12 14:54:00,656,0,0
114,100662,2026-05-29 08:45:00,657,1,1
115,100664,2026-05-19 12:31:00,744,0,0
116,100676,2026-05-16 15:04:00,625,1,1
117,100689,2026-06-02 08:16:00,760,1,0
118,100691,2026-05-16 13:13:00,619,1,0
119,100695,2026-06-04 02:22:00,667,1,1
120,100699,2026-05-19 22:34:00,591,0,0
121,100706,2026-05-31 12:09:00,499,1,0
122,100711,2026-05-31 13:00:00,533,1,1
123,100717,2026-05-28 06:23:00,748,1,1
124,100724,2026-05-08 01:59:00,605,0,0
125,100735,2026-05-25 16:17:00,671,0,0
126,100747,2026-05-05 20:40:00,801,1,1
127,100752,2026-06-15 20:21:00,671,1,1
128,100753,2026-05-03 06:04:00,586,1,1
129,100765,2026-06-06 23:31:00,652,1,0
130,100774,2026-05-08 06:18:00,593,1,1
131,100776,2026-05-29 05:30:00,676,0,0
132,100778,2026-05-05 13:44:00,690,1,1
133,100792,2026-06-04 01:47:00,696,0,0
134,100793,2026-06-02 16:42:00,644,0,0
135,100797,2026-05-22 03:18:00,607,0,0
136,100812,2026-06-01 08:34:00,579,0,0
137,100813,2026-06-04 16:41:00,565,0,0
138,100814,2026-06-14 06:52:00,664,0,0
139,100815,2026-05-15 21:43:00,697,1,1
140,100819,2026-05-02 15:31:00,573,1,1
141,100822,2026-05-02 12:00:00,560,1,1
142,100826,2026-05-21 08:28:00,635,1,1
143,100829,2026-05-11 20:23:00,619,0,0
144,100840,2026-06-18 13:37:00,460,1,1
145,100841,2026-05-14 13:29:00,823,1,1
146,100842,2026-05-09 04:16:00,665,1,1
147,100854,2026-05-30 12:14:00,742,1,1
148,100864,2026-06-04 20:33:00,620,1,1
149,100867,2026-05-31 04:20:00,677,1,1
150,100868,2026-05-19 11:54:00,647,1,1
151,100869,2026-05-23 07:15:00,656,1,0
152,100870,2026-05-25 20:08:00,729,0,0
153,100871,2026-05-28 23:15:00,743,0,0
154,100876,2026-06-02 17:23:00,646,0,0
155,100880,2026-05-15 04:43:00,717,0,0
156,100885,2026-05-29 12:03:00,579,0,0
157,100887,2026-05-23 12:40:00,753,1,1
158,100893,2026-05-30 10:41:00,666,1,0
159,100897,2026-06-07 05:56:00,646,1,0
160,100901,2026-05-17 10:32:00,657,0,0
161,100918,2026-05-09 08:05:00,771,1,1
162,100925,2026-05-28 21:26:00,463,0,0
163,100928,2026-05-16 14:28:00,568,0,0
164,100938,2026-05-30 10:04:00,546,0,0
165,100954,2026-05-20 20:17:00,594,0,0
166,100966,2026-06-06 12:52:00,709,1,1
167,100972,2026-05-21 12:43:00,658,0,0
168,100973,2026-06-09 00:01:00,663,0,0
169,100978,2026-05-24 21:15:00,645,1,1
170,100979,2026-06-11 23:19:00,736,0,0
171,100984,2026-05-19 08:58:00,628,1,1
172,100997,2026-05-20 06:04:00,794,0,0
173,101000,2026-05-31 03:18:00,598,1,1
174,101009,2026-05-31 15:11:00,591,0,0
175,101024,2026-05-12 09:02:00,621,1,1
176,101056,2026-05-28 01:13:00,630,1,1
177,101062,2026-05-11 18:46:00,548,0,0
178,101063,2026-05-11 11:37:00,750,1,1
179,101073,2026-05-14 14:22:00,667,0,0
180,101074,2026-06-01 09:20:00,604,0,0
181,101080,2026-05-13 11:26:00,650,0,0
182,101092,2026-05-15 03:30:00,717,0,0
183,101093,2026-05-10 02:02:00,665,0,0
184,101094,2026-05-13 22:25:00,707,1,1
185,101101,2026-05-27 09:00:00,476,1,1
186,101103,2026-05-29 20:01:00,631,0,0
187,101110,2026-05-14 08:20:00,644,1,1
188,101111,2026-05-06 13:21:00,588,0,0
189,101129,2026-05-17 23:12:00,702,0,0
190,101135,2026-06-09 21:34:00,683,1,1
191,101136,2026-05-18 06:48:00,657,0,0
192,101145,2026-06-08 23:48:00,603,0,0
193,101149,2026-05-19 13:50:00,614,1,0
194,101153,2026-05-19 19:55:00,661,1,0
195,101157,2026-05-09 20:37:00,702,1,1
196,101161,2026-05-24 17:09:00,678,1,0
197,101166,2026-06-03 03:50:00,784,0,0
198,101176,2026-06-13 23:51:00,769,1,1
199,101177,2026-05-31 15:02:00,604,1,1
200,101182,2026-05-24 03:29:00,718,0,0
201,101193,2026-05-30 17:52:00,731,1,1
202,101210,2026-05-23 02:27:00,667,1,0
203,101213,2026-05-22 06:20:00,533,0,0
204,101217,2026-06-11 11:00:00,637,1,0
205,101218,2026-05-22 19:02:00,686,1,1
206,101231,2026-05-23 11:13:00,791,1,1
207,101240,2026-05-23 15:14:00,833,1,0
208,101249,2026-05-29 03:09:00,523,0,0
209,101262,2026-05-14 09:25:00,630,1,1
210,101270,2026-06-02 23:11:00,628,1,1
211,101272,2026-05-24 02:35:00,783,1,1
212,101273,2026-05-04 13:54:00,726,1,1
213,101274,2026-05-08 09:03:00,751,0,0
214,101275,2026-05-17 15:58:00,548,0,0
215,101290,2026-05-23 16:34:00,672,1,0
216,101300,2026-05-22 12:06:00,640,1,1
217,101303,2026-06-02 20:53:00,669,1,0
218,101306,2026-05-27 18:55:00,731,1,1
219,101310,2026-05-27 08:21:00,624,0,0
220,101312,2026-06-04 20:10:00,613,0,0
221,101329,2026-05-10 14:55:00,705,0,0
222,101345,2026-05-17 18:12:00,705,1,1
223,101346,2026-05-21 12:24:00,704,0,0
224,101352,2026-05-28 20:02:00,655,1,1
225,101355,2026-05-20 22:58:00,566,1,0
226,101360,2026-06-02 14:45:00,508,1,1
227,101368,2026-05-30 13:29:00,545,0,0
228,101372,2026-05-29 11:14:00,503,0,0
229,101388,2026-05-11 23:44:00,691,1,1
230,101395,2026-05-25 06:43:00,759,1,1
231,101397,2026-05-30 07:44:00,730,1,1
232,101398,2026-05-09 18:25:00,627,0,0
233,101403,2026-05-26 01:00:00,751,1,1
234,101407,2026-05-29 01:03:00,683,0,0
235,101416,2026-05-28 22:28:00,551,0,0
236,101419,2026-05-29 08:23:00,584,1,1
237,101428,2026-05-15 11:46:00,771,1,1
238,101432,2026-05-12 05:51:00,606,0,0
239,101434,2026-06-03 20:41:00,569,0,0
240,101438,2026-05-14 01:48:00,699,1,1
241,101439,2026-05-09 02:04:00,689,1,1
242,101446,2026-06-08 09:54:00,622,0,0
243,101456,2026-06-02 21:52:00,657,0,0
244,101458,2026-05-25 22:45:00,481,1,1
245,101463,2026-06-03 11:55:00,735,1,1
246,101465,2026-05-10 04:43:00,702,1,1
247,101467,2026-05-17 13:38:00,512,1,1
248,101468,2026-05-19 02:02:00,553,1,1
249,101471,2026-06-08 03:18:00,668,0,0
250,101478,2026-05-26 05:41:00,706,1,1
251,101480,2026-05-21 00:50:00,798,1,1
252,101487,2026-05-21 23:23:00,568,1,0
253,101490,2026-06-07 13:55:00,753,0,0
254,101491,2026-05-19 17:18:00,814,1,0
255,101493,2026-05-05 23:02:00,601,0,0
256,101497,2026-06-02 15:51:00,545,0,0
257,101499,2026-05-21 12:38:00,683,0,0
258,101500,2026-05-29 19:09:00,598,0,0
259,101513,2026-05-08 06:37:00,557,1,1
260,101517,2026-05-14 19:17:00,740,1,0
261,101526,2026-05-11 00:08:00,684,0,0
262,101534,2026-05-26 16:35:00,552,0,0
263,101538,2026-06-04 03:13:00,777,1,0
264,101550,2026-05-19 03:51:00,839,1,1
265,101553,2026-06-05 00:27:00,583,1,1
266,101558,2026-05-24 18:17:00,667,1,0
267,101569,2026-05-31 06:46:00,780,1,1
268,101574,2026-05-16 02:05:00,628,0,0
269,101575,2026-05-18 04:58:00,610,1,0
270,101576,2026-05-31 12:23:00,633,1,0
271,101579,2026-05-23 06:07:00,500,1,1
272,101588,2026-06-08 23:10:00,648,0,0
273,101589,2026-05-25 16:41:00,650,1,1
274,101591,2026-06-13 19:48:00,572,0,0
275,101603,2026-05-10 17:31:00,612,0,0
276,101615,2026-05-30 09:20:00,664,0,0
277,101629,2026-05-28 21:17:00,687,0,0
278,101636,2026-05-21 12:54:00,697,0,0
279,101639,2026-05-31 02:43:00,593,0,0
280,101642,2026-05-20 15:23:00,592,1,1
281,101654,2026-05-06 00:36:00,433,0,0
282,101667,2026-06-06 10:30:00,593,1,1
283,101679,2026-05-20 18:31:00,429,1,1
284,101711,2026-05-20 19:59:00,581,0,0
285,101712,2026-05-08 00:09:00,663,0,0
286,101718,2026-05-28 09:48:00,591,1,1
287,101732,2026-05-10 17:19:00,638,0,0
288,101739,2026-05-25 11:10:00,697,1,1
289,101740,2026-05-29 15:19:00,505,1,0
290,101751,2026-05-27 20:00:00,725,1,1
291,101757,2026-06-03 02:59:00,826,1,1
292,101758,2026-05-23 05:47:00,695,0,0
293,101767,2026-05-31 17:45:00,621,1,1
294,101768,2026-05-29 09:42:00,597,1,1
295,101784,2026-05-30 12:27:00,587,1,1
296,101787,2026-06-03 10:45:00,658,1,1
297,101790,2026-06-08 09:33:00,673,0,0
298,101796,2026-05-11 05:05:00,590,0,0
299,101799,2026-05-07 11:56:00,533,1,0
300,101801,2026-05-21 06:54:00,726,1,1
301,101804,2026-05-17 17:20:00,773,1,1
302,101807,2026-05-20 18:09:00,679,1,1
303,101808,2026-05-16 22:58:00,558,0,0
304,101813,2026-05-20 16:18:00,636,0,0
305,101817,2026-06-08 17:13:00,688,0,0
306,101820,2026-05-27 14:01:00,652,1,1
307,101826,2026-05-29 13:10:00,718,1,1
308,101831,2026-05-26 04:53:00,626,1,0
309,101834,2026-05-17 10:08:00,577,0,0
310,101845,2026-06-01 07:56:00,605,0,0
311,101861,2026-05-09 07:55:00,692,1,1
312,101863,2026-05-07 10:44:00,579,1,1
313,101866,2026-05-05 08:19:00,704,0,0
314,101871,2026-05-08 03:20:00,592,0,0
315,101881,2026-05-13 22:49:00,558,1,1
316,101883,2026-05-26 20:04:00,785,0,0
317,101897,2026-05-10 01:49:00,576,1,0
318,101910,2026-05-20 18:01:00,683,1,1
319,101911,2026-06-01 03:05:00,550,0,0
320,101917,2026-06-09 18:11:00,603,0,0
321,101919,2026-05-10 00:27:00,686,1,1
322,101923,2026-05-19 23:25:00,762,1,1
323,101925,2026-06-09 18:21:00,653,1,0
324,101926,2026-05-19 03:14:00,712,0,0
325,101935,2026-05-05 08:12:00,635,1,1
326,101946,2026-06-04 18:58:00,686,1,0
327,101948,2026-05-27 13:09:00,758,0,0
328,101954,2026-05-29 11:12:00,767,0,0
329,101980,2026-05-16 09:44:00,629,0,0
330,101984,2026-05-18 11:58:00,626,1,1
331,101991,2026-05-13 09:25:00,656,0,0
332,102002,2026-05-27 00:30:00,706,0,0
333,102003,2026-05-25 23:04:00,559,0,0
334,102006,2026-05-10 11:01:00,560,1,1
335,102018,2026-05-20 00:41:00,814,1,1
336,102020,2026-05-13 21:43:00,710,1,0
337,102027,2026-05-15 21:26:00,661,1,1
338,102033,2026-05-15 05:58:00,694,1,1
339,102042,2026-06-09 00:07:00,714,0,0
340,102060,2026-05-19 03:52:00,597,1,1
341,102089,2026-05-21 13:25:00,663,1,1
342,102108,2026-05-14 12:15:00,626,1,1
343,102131,2026-06-06 18:48:00,689,1,0
344,102143,2026-05-24 10:58:00,611,1,1
345,102146,2026-05-20 04:51:00,588,0,0
346,102147,2026-05-30 09:42:00,649,0,0
347,102150,2026-05-30 10:39:00,694,0,0
348,102154,2026-06-11 14:52:00,702,0,0
349,102158,2026-05-27 05:46:00,636,1,1
350,102176,2026-05-28 20:30:00,702,1,1
351,102180,2026-05-25 01:00:00,673,1,1
352,102188,2026-05-30 20:32:00,708,0,0
353,102194,2026-05-28 17:08:00,651,0,0
354,102205,2026-06-01 04:38:00,693,1,1
355,102206,2026-05-26 01:02:00,724,1,0
356,102210,2026-06-01 21:54:00,709,1,1
357,102213,2026-05-27 20:47:00,658,1,1
358,102218,2026-06-14 06:37:00,765,1,0
359,102225,2026-05-21 18:17:00,694,0,0
360,102226,2026-05-30 13:45:00,677,1,0
361,102250,2026-05-04 23:33:00,830,1,0
362,102268,2026-05-06 04:06:00,714,1,1
363,102270,2026-05-11 10:45:00,523,1,1
364,102271,2026-05-25 03:55:00,713,1,1
365,102277,2026-05-21 06:52:00,523,0,0
366,102283,2026-06-06 08:13:00,442,1,1
367,102290,2026-06-08 13:49:00,616,0,0
368,102300,2026-05-24 12:41:00,683,1,1
369,102319,2026-05-18 22:07:00,581,0,0
370,102321,2026-06-02 14:13:00,802,0,0
371,102322,2026-06-01 23:55:00,627,1,0
372,102328,2026-05-23 23:08:00,733,0,0
373,102335,2026-05-20 00:54:00,677,0,0
374,102355,2026-05-24 05:34:00,651,1,0
375,102364,2026-05-09 04:45:00,544,0,0
376,102369,2026-05-23 00:51:00,722,0,0
377,102370,2026-05-31 03:33:00,763,1,1
378,102375,2026-06-09 04:32:00,590,1,1
379,102379,2026-05-23 10:49:00,588,0,0
380,102387,2026-05-22 02:46:00,764,1,1
381,102392,2026-06-12 01:05:00,759,0,0
382,102396,2026-05-25 02:43:00,686,1,0
383,102406,2026-05-17 18:34:00,686,1,1
384,102409,2026-05-17 07:04:00,620,1,1
385,102426,2026-05-26 02:43:00,731,0,0
386,102440,2026-05-17 04:26:00,601,0,0
387,102446,2026-05-18 19:12:00,649,1,0
388,102456,2026-05-20 05:03:00,678,1,0
389,102460,2026-05-23 05:52:00,839,1,1
390,102462,2026-05-24 02:08:00,662,1,0
391,102471,2026-05-20 02:48:00,568,1,0
392,102472,2026-05-31 04:31:00,557,0,0
393,102474,2026-05-22 08:41:00,657,1,1
394,102478,2026-06-06 00:39:00,600,0,0
395,102494,2026-06-07 17:51:00,765,1,1
396,102498,2026-05-18 13:39:00,767,0,0
397,102504,2026-05-09 07:19:00,581,0,0
398,102520,2026-05-31 05:54:00,536,0,0
399,102521,2026-05-22 09:52:00,670,0,0
400,102531,2026-05-28 05:04:00,694,0,0
401,102532,2026-05-22 16:20:00,628,0,0
402,102546,2026-05-19 01:11:00,604,1,1
403,102547,2026-05-20 21:31:00,532,1,1
404,102557,2026-05-30 09:34:00,710,1,0
405,102561,2026-05-19 11:37:00,664,0,0
406,102565,2026-05-25 16:00:00,709,0,0
407,102567,2026-05-28 01:32:00,677,1,1
408,102569,2026-05-19 22:36:00,540,0,0
409,102576,2026-05-29 17:16:00,637,1,1
410,102581,2026-05-31 11:54:00,688,1,1
411,102582,2026-06-04 03:13:00,662,0,0
412,102585,2026-05-24 01:19:00,650,1,0
413,102607,2026-05-19 17:06:00,652,0,0
414,102616,2026-05-30 07:30:00,518,0,0
415,102624,2026-06-04 04:20:00,571,0,0
416,102636,2026-05-28 03:39:00,679,0,0
417,102648,2026-05-30 05:17:00,613,0,0
418,102652,2026-05-14 13:52:00,753,1,0
419,102657,2026-06-06 08:35:00,655,1,0
420,102663,2026-05-20 23:38:00,620,0,0
421,102668,2026-05-03 00:31:00,569,1,1
422,102677,2026-05-27 01:48:00,728,0,0
423,102682,2026-05-02 02:19:00,596,0,0
424,102684,2026-05-13 13:09:00,826,1,1
425,102687,2026-05-17 21:42:00,675,0,0
426,102692,2026-06-07 06:14:00,552,1,0
427,102699,2026-05-12 11:56:00,547,0,0
428,102702,2026-05-31 20:30:00,658,1,1
429,102707,2026-05-24 15:38:00,589,1,1
430,102710,2026-05-27 10:11:00,736,1,1
431,102711,2026-05-25 14:49:00,511,1,0
432,102715,2026-06-16 13:58:00,597,1,1
433,102718,2026-05-14 23:28:00,504,0,0
434,102726,2026-05-27 17:38:00,640,1,1
435,102728,2026-06-10 01:52:00,651,1,1
436,102739,2026-05-09 11:57:00,642,1,1
437,102748,2026-06-07 04:44:00,540,1,1
438,102752,2026-05-08 22:13:00,581,1,0
439,102754,2026-06-03 03:48:00,538,1,0
440,102761,2026-05-21 17:47:00,540,0,0
441,102762,2026-06-01 06:15:00,608,0,0
442,102775,2026-05-10 12:33:00,710,0,0
443,102783,2026-06-04 02:32:00,698,0,0
444,102804,2026-05-19 12:10:00,657,0,0
445,102805,2026-05-13 02:10:00,537,0,0
446,102809,2026-06-11 10:49:00,591,1,0
447,102812,2026-05-18 23:33:00,649,0,0
448,102820,2026-05-24 14:35:00,659,1,1
449,102830,2026-06-03 13:46:00,729,1,1
450,102848,2026-06-12 23:24:00,620,0,0
451,102860,2026-06-07 05:49:00,608,0,0
452,102866,2026-05-05 01:15:00,617,1,1
453,102869,2026-05-14 06:35:00,712,1,1
454,102883,2026-06-01 14:55:00,752,1,1
455,102884,2026-05-20 20:02:00,633,0,0
456,102896,2026-06-02 01:12:00,687,1,0
457,102898,2026-05-29 00:19:00,544,1,0
458,102901,2026-05-31 13:53:00,558,1,1
459,102908,2026-06-03 14:18:00,692,1,0
460,102923,2026-05-28 08:59:00,611,1,1
461,102926,2026-06-06 02:54:00,557,0,0
462,102940,2026-05-06 04:12:00,773,1,1
463,102941,2026-05-11 02:06:00,497,1,0
464,102950,2026-05-14 04:00:00,518,1,0
465,102953,2026-05-09 08:07:00,586,0,0
466,102956,2026-05-31 22:28:00,714,0,0
467,102961,2026-05-24 11:48:00,671,1,1
468,102962,2026-05-29 00:05:00,527,1,1
469,102973,2026-05-27 10:30:00,690,1,0
470,102980,2026-05-07 12:35:00,682,1,0
471,102994,2026-05-07 21:52:00,657,0,0
472,102996,2026-05-08 04:38:00,713,1,1
473,102998,2026-06-02 19:40:00,639,1,0
474,102999,2026-05-18 02:32:00,570,0,0
475,103004,2026-05-20 21:26:00,691,0,0
476,103015,2026-06-02 22:42:00,684,0,0
477,103028,2026-05-19 01:59:00,741,0,0
478,103040,2026-06-05 01:30:00,704,0,0
479,103044,2026-06-04 01:22:00,529,1,0
480,103046,2026-05-15 22:19:00,629,1,1
481,103052,2026-05-22 05:36:00,572,1,0
482,103053,2026-05-09 07:22:00,633,1,1
483,103054,2026-06-01 05:48:00,520,0,0
484,103056,2026-05-26 06:59:00,642,0,0
485,103062,2026-05-24 17:14:00,709,1,1
486,103063,2026-05-16 08:38:00,585,1,1
487,103074,2026-05-25 12:16:00,722,1,1
488,103077,2026-05-24 19:15:00,667,1,1
489,103083,2026-05-16 18:56:00,619,0,0
490,103091,2026-05-31 14:43:00,578,0,0
491,103094,2026-05-20 13:08:00,688,1,1
492,103104,2026-05-19 21:50:00,645,1,1
493,103106,2026-05-25 04:42:00,653,1,1
494,103107,2026-05-12 14:14:00,534,1,1
495,103118,2026-06-01 09:37:00,694,1,1
496,103120,2026-05-10 09:36:00,659,0,0
497,103133,2026-05-14 07:22:00,595,1,0
498,103142,2026-05-16 09:10:00,641,0,0
499,103144,2026-05-24 23:02:00,599,0,0
500,103145,2026-05-17 03:17:00,644,1,1
501,103152,2026-05-30 00:36:00,556,1,1
502,103155,2026-05-27 01:13:00,776,0,0
503,103178,2026-05-21 09:27:00,574,1,1
504,103188,2026-05-19 19:12:00,572,0,0
505,103190,2026-05-26 00:43:00,652,1,1
506,103191,2026-05-11 10:29:00,722,1,1
507,103192,2026-05-17 09:36:00,739,1,1
508,103200,2026-05-07 01:18:00,529,0,0
509,103218,2026-05-14 12:04:00,651,1,1
510,103224,2026-05-26 01:57:00,609,1,0
511,103229,2026-05-17 07:18:00,667,1,1
512,103238,2026-06-09 15:36:00,597,0,0
513,103242,2026-05-11 15:16:00,574,1,1
514,103247,2026-05-22 03:40:00,697,1,1
515,103249,2026-06-06 03:47:00,684,1,1
516,103258,2026-05-23 15:51:00,549,1,1
517,103259,2026-05-25 18:11:00,755,1,1
518,103267,2026-05-06 08:02:00,660,1,1
519,103270,2026-05-31 19:32:00,717,0,0
520,103282,2026-05-29 22:53:00,672,1,1
521,103290,2026-05-30 05:23:00,782,1,0
522,103294,2026-05-23 15:40:00,723,1,1
523,103299,2026-05-25 07:55:00,666,1,1
524,103311,2026-05-10 13:50:00,729,1,0
525,103313,2026-05-26 19:37:00,615,0,0
526,103315,2026-06-07 23:55:00,714,1,1
527,103319,2026-06-01 02:29:00,563,0,0
528,103323,2026-05-04 21:04:00,544,0,0
529,103326,2026-05-16 14:15:00,626,1,0
530,103328,2026-05-26 22:15:00,564,0,0
531,103330,2026-05-13 07:05:00,600,0,0
532,103331,2026-05-15 00:11:00,746,1,0
533,103334,2026-05-26 09:22:00,590,1,1
534,103336,2026-05-11 00:42:00,623,0,0
535,103343,2026-06-04 18:52:00,525,0,0
536,103358,2026-05-09 08:59:00,677,0,0
537,103369,2026-05-01 22:15:00,646,0,0
538,103378,2026-05-20 08:04:00,665,0,0
539,103384,2026-05-16 08:33:00,628,1,1
540,103388,2026-05-03 10:44:00,618,1,1
541,103395,2026-05-29 08:14:00,627,0,0
542,103405,2026-05-09 20:08:00,661,1,0
543,103415,2026-06-04 13:01:00,729,1,1
544,103417,2026-05-27 12:41:00,689,0,0
545,103418,2026-05-21 04:34:00,729,0,0
546,103420,2026-05-24 10:34:00,667,1,1
547,103428,2026-05-27 17:30:00,742,1,0
548,103429,2026-05-29 23:29:00,596,0,0
549,103435,2026-05-24 03:15:00,694,1,1
550,103437,2026-05-23 15:31:00,806,1,1
551,103442,2026-05-27 10:27:00,731,1,1
552,103443,2026-05-22 13:46:00,738,1,1
553,103445,2026-06-09 11:41:00,695,1,1
554,103448,2026-05-08 03:43:00,678,1,0
555,103469,2026-05-25 07:39:00,680,0,0
556,103479,2026-05-29 03:23:00,647,1,1
557,103480,2026-06-09 00:21:00,724,1,1
558,103497,2026-05-20 15:19:00,678,1,1
559,103499,2026-05-15 07:57:00,574,0,0
560,103505,2026-05-12 13:12:00,676,0,0
561,103510,2026-05-19 07:09:00,638,0,0
562,103511,2026-05-29 12:35:00,613,1,1
563,103517,2026-06-16 19:24:00,549,0,0
564,103519,2026-05-28 04:47:00,717,0,0
565,103520,2026-05-23 10:36:00,723,1,1
566,103524,2026-06-15 21:50:00,743,1,1
567,103535,2026-05-29 19:51:00,621,0,0
568,103538,2026-05-09 11:29:00,673,1,1
569,103546,2026-05-26 18:55:00,673,0,0
570,103553,2026-06-13 21:38:00,676,1,1
571,103568,2026-05-30 01:24:00,599,0,0
572,103571,2026-05-18 16:04:00,794,1,1
573,103574,2026-06-06 16:27:00,724,1,1
574,103577,2026-05-18 12:02:00,517,1,0
575,103580,2026-05-06 04:52:00,778,1,1
576,103589,2026-05-18 10:11:00,604,0,0
577,103591,2026-05-15 08:16:00,617,0,0
578,103594,2026-06-03 09:56:00,706,1,1
579,103603,2026-05-19 23:25:00,664,1,0
580,103618,2026-06-12 08:33:00,723,1,1
581,103619,2026-05-19 03:27:00,645,0,0
582,103629,2026-06-02 05:14:00,617,0,0
583,103638,2026-05-13 06:53:00,726,1,1
584,103642,2026-05-27 14:48:00,583,0,0
585,103645,2026-05-30 05:09:00,563,0,0
586,103653,2026-05-19 23:59:00,630,0,0
587,103655,2026-05-20 05:55:00,669,0,0
588,103659,2026-05-18 03:57:00,456,1,1
589,103664,2026-05-17 10:51:00,511,1,1
590,103670,2026-06-01 12:48:00,638,1,1
591,103678,2026-05-09 09:24:00,658,1,1
592,103687,2026-06-07 19:31:00,803,1,1
593,103692,2026-06-10 15:52:00,672,1,1
594,103694,2026-05-18 05:51:00,638,1,1
595,103698,2026-05-28 01:30:00,713,0,0
596,103701,2026-05-19 08:00:00,614,0,0
597,103704,2026-06-13 22:11:00,750,1,1
598,103710,2026-05-28 15:03:00,654,0,0
599,103712,2026-05-30 13:23:00,736,1,1
600,103717,2026-05-11 03:32:00,688,1,1
601,103722,2026-06-02 13:32:00,706,1,1
602,103724,2026-05-26 03:34:00,662,0,0
603,103727,2026-05-27 06:36:00,700,1,1
604,103733,2026-05-03 09:54:00,850,1,1
605,103735,2026-05-23 09:50:00,545,0,0
606,103736,2026-06-13 06:30:00,602,1,0
607,103746,2026-05-22 16:00:00,550,0,0
608,103748,2026-05-25 19:55:00,657,1,1
609,103753,2026-05-25 00:52:00,602,1,1
610,103757,2026-05-19 04:12:00,531,1,1
611,103763,2026-05-14 04:29:00,645,1,1
612,103771,2026-05-03 20:40:00,504,0,0
613,103781,2026-05-22 06:07:00,706,0,0
614,103784,2026-06-03 08:59:00,599,1,1
615,103787,2026-05-31 01:25:00,683,1,0
616,103790,2026-05-22 14:29:00,489,1,0
617,103793,2026-05-20 19:19:00,600,0,0
618,103797,2026-05-31 15:51:00,543,1,1
619,103800,2026-05-07 13:47:00,815,1,0
620,103812,2026-05-27 20:57:00,668,1,1
621,103814,2026-05-19 20:49:00,683,0,0
622,103834,2026-05-05 08:34:00,611,0,0
623,103839,2026-05-19 23:11:00,479,1,1
624,103841,2026-05-19 21:42:00,585,0,0
625,103848,2026-05-14 02:27:00,703,0,0
626,103849,2026-06-08 02:35:00,599,0,0
627,103854,2026-05-15 12:19:00,710,1,1
628,103864,2026-05-27 09:21:00,826,0,0
629,103866,2026-05-30 11:06:00,800,1,1
630,103874,2026-05-16 12:18:00,819,0,0
631,103875,2026-05-28 09:24:00,654,0,0
632,103877,2026-05-15 05:40:00,691,0,0
633,103881,2026-06-01 14:58:00,597,0,0
634,103890,2026-05-16 21:13:00,437,0,0
635,103898,2026-05-17 11:15:00,814,1,0
636,103899,2026-05-30 10:27:00,746,1,1
637,103902,2026-05-07 11:26:00,785,1,1
638,103904,2026-05-31 13:10:00,531,1,1
639,103912,2026-05-29 16:48:00,525,0,0
640,103921,2026-05-19 19:28:00,644,1,0
641,103923,2026-06-03 04:19:00,640,0,0
642,103927,2026-05-08 17:52:00,680,1,0
643,103930,2026-05-15 15:22:00,536,1,1
644,103931,2026-05-30 20:20:00,753,1,1
645,103936,2026-05-28 21:52:00,808,1,1
646,103937,2026-05-08 08:41:00,759,1,0
647,103939,2026-06-04 02:34:00,845,0,0
648,103945,2026-05-25 23:20:00,544,1,1
649,103951,2026-05-14 18:59:00,683,1,1
650,103954,2026-05-30 10:50:00,644,1,0
651,103963,2026-05-26 14:47:00,710,0,0
652,103970,2026-05-20 20:50:00,685,1,1
653,103971,2026-05-07 18:26:00,755,1,1
654,103976,2026-05-08 15:51:00,773,0,0
655,103977,2026-05-12 04:53:00,609,1,0
656,103983,2026-06-07 19:24:00,485,0,0
657,103984,2026-05-17 09:42:00,629,1,1
658,103989,2026-05-29 05:28:00,641,0,0
659,103991,2026-05-10 04:14:00,667,1,0
660,103996,2026-05-08 03:00:00,790,1,1
661,104009,2026-05-19 17:43:00,720,1,1
662,104015,2026-05-11 13:01:00,804,1,0
663,104018,2026-05-11 21:57:00,635,1,1
664,104020,2026-06-03 08:33:00,694,0,0
665,104027,2026-05-25 03:19:00,557,1,1
666,104033,2026-05-20 01:36:00,727,1,0
667,104040,2026-05-20 20:46:00,651,1,0
668,104047,2026-05-20 03:00:00,622,0,0
669,104061,2026-05-12 12:16:00,704,1,1
670,104062,2026-05-28 18:40:00,580,0,0
671,104063,2026-06-09 03:35:00,689,1,1
672,104064,2026-06-07 01:25:00,686,0,0
673,104071,2026-05-21 21:26:00,633,1,1
674,104090,2026-05-24 15:20:00,704,1,1
675,104098,2026-05-28 23:14:00,613,1,1
676,104099,2026-05-12 14:28:00,832,1,0
677,104100,2026-05-07 21:47:00,749,1,1
678,104102,2026-06-01 09:16:00,762,1,1
679,104105,2026-05-05 03:40:00,685,0,0
680,104109,2026-05-30 04:41:00,574,0,0
681,104132,2026-05-07 10:49:00,625,1,0
682,104137,2026-06-03 12:55:00,676,1,1
683,104139,2026-05-28 22:00:00,628,0,0
684,104148,2026-06-05 23:15:00,603,0,0
685,104149,2026-05-20 20:24:00,710,1,1
686,104150,2026-05-14 10:45:00,567,1,1
687,104162,2026-05-08 16:47:00,649,1,1
688,104188,2026-05-30 10:01:00,606,0,0
689,104191,2026-05-26 17:41:00,556,0,0
690,104192,2026-05-30 06:57:00,660,0,0
691,104210,2026-06-10 02:57:00,714,0,0
692,104211,2026-05-27 16:48:00,672,1,1
693,104226,2026-06-06 21:17:00,629,1,0
694,104232,2026-05-14 00:52:00,770,1,1
695,104235,2026-05-14 23:26:00,758,1,0
696,104237,2026-05-09 03:48:00,722,0,0
697,104241,2026-06-05 12:06:00,748,0,0
698,104256,2026-05-07 10:54:00,682,1,1
699,104264,2026-05-28 20:03:00,578,1,1
700,104272,2026-05-16 09:20:00,754,0,0
701,104277,2026-05-20 12:13:00,690,0,0
702,104279,2026-05-20 14:03:00,707,0,0
703,104283,2026-05-29 16:42:00,671,0,0
704,104293,2026-05-20 20:49:00,633,1,0
705,104301,2026-05-17 16:58:00,434,0,0
706,104303,2026-05-11 21:34:00,654,0,0
707,104304,2026-05-27 05:14:00,502,1,1
708,104317,2026-05-14 14:11:00,650,1,1
709,104322,2026-05-28 04:38:00,729,1,1
710,104328,2026-05-16 06:22:00,578,0,0
711,104330,2026-05-25 11:54:00,721,1,1
712,104333,2026-05-23 08:47:00,628,0,0
713,104338,2026-05-26 02:47:00,699,1,1
714,104340,2026-05-21 18:09:00,521,0,0
715,104341,2026-05-29 11:06:00,765,1,1
716,104354,2026-05-18 07:14:00,602,1,1
717,104357,2026-05-30 08:35:00,650,1,0
718,104365,2026-05-23 23:08:00,605,1,1
719,104367,2026-05-28 12:07:00,669,1,1
720,104369,2026-05-30 13:02:00,747,1,0
721,104372,2026-05-23 05:49:00,805,1,1
722,104374,2026-05-12 11:37:00,659,0,0
723,104376,2026-05-14 16:32:00,685,1,1
724,104385,2026-05-23 22:31:00,834,1,1
725,104386,2026-05-28 08:29:00,645,0,0
726,104387,2026-05-18 23:28:00,649,1,1
727,104388,2026-06-06 16:02:00,772,1,1
728,104390,2026-05-12 05:12:00,661,1,0
729,104400,2026-05-22 02:50:00,698,1,1
730,104402,2026-05-16 15:29:00,662,0,0
731,104403,2026-05-15 01:09:00,581,0,0
732,104405,2026-05-07 15:00:00,669,0,0
733,104411,2026-05-04 18:01:00,719,1,1
734,104419,2026-05-14 18:14:00,578,0,0
735,104425,2026-05-23 09:12:00,581,1,1
736,104431,2026-05-08 23:42:00,657,1,0
737,104432,2026-06-08 16:10:00,590,1,1
738,104442,2026-06-07 03:11:00,713,0,0
739,104449,2026-05-21 01:19:00,631,0,0
740,104460,2026-05-09 20:07:00,787,1,1
741,104466,2026-05-30 04:29:00,692,1,1
742,104467,2026-05-31 20:58:00,661,1,1
743,104468,2026-05-06 18:51:00,636,0,0
744,104472,2026-05-28 00:48:00,682,0,0
745,104488,2026-05-27 21:49:00,541,0,0
746,104490,2026-05-31 16:52:00,680,0,0
747,104495,2026-06-08 05:01:00,750,1,1
748,104501,2026-05-14 11:28:00,692,1,1
749,104527,2026-05-31 11:41:00,624,0,0
750,104533,2026-05-11 08:37:00,685,1,0
751,104544,2026-06-13 20:37:00,493,1,1
752,104548,2026-06-02 15:42:00,657,0,0
753,104574,2026-06-09 19:34:00,564,1,0
754,104586,2026-05-15 02:01:00,557,1,1
755,104588,2026-05-26 05:00:00,642,0,0
756,104592,2026-05-25 08:25:00,798,1,1
757,104593,2026-06-09 01:33:00,582,1,1
758,104599,2026-06-01 17:10:00,626,1,0
759,104602,2026-05-14 05:39:00,697,0,0
760,104607,2026-06-03 21:26:00,659,1,1
761,104612,2026-05-20 10:40:00,717,1,1
762,104614,2026-06-04 10:27:00,848,1,1
763,104623,2026-05-20 08:35:00,727,0,0
764,104625,2026-05-15 00:02:00,766,1,1
765,104665,2026-05-30 09:52:00,653,0,0
766,104666,2026-05-20 06:00:00,501,1,0
767,104668,2026-06-05 11:18:00,703,1,0
768,104681,2026-05-27 12:45:00,740,1,1
769,104687,2026-05-05 22:57:00,673,1,1
770,104690,2026-05-26 17:49:00,797,0,0
771,104692,2026-05-17 04:41:00,679,0,0
772,104694,2026-06-02 21:44:00,681,1,1
773,104695,2026-05-29 07:05:00,543,1,1
774,104709,2026-05-28 13:11:00,666,1,0
775,104710,2026-05-10 05:55:00,686,1,0
776,104711,2026-05-25 10:35:00,600,0,0
777,104722,2026-05-04 22:52:00,682,0,0
778,104723,2026-05-08 18:26:00,654,1,1
779,104747,2026-05-26 21:19:00,633,0,0
780,104751,2026-06-14 08:27:00,850,1,1
781,104755,2026-05-22 16:07:00,850,1,1
782,104761,2026-05-23 23:01:00,653,0,0
783,104764,2026-05-11 02:40:00,696,1,1
784,104765,2026-05-14 07:49:00,717,1,1
785,104767,2026-06-04 12:44:00,535,1,1
786,104768,2026-06-08 16:20:00,650,1,1
787,104769,2026-05-06 13:06:00,547,0,0
788,104780,2026-05-30 12:55:00,625,1,1
789,104786,2026-05-22 07:41:00,801,0,0
790,104803,2026-05-25 21:38:00,537,1,0
791,104810,2026-06-03 00:09:00,499,0,0
792,104813,2026-05-17 09:45:00,641,1,1
793,104838,2026-05-28 03:31:00,615,1,0
794,104842,2026-05-16 23:01:00,534,1,0
795,104843,2026-05-19 13:39:00,765,1,1
796,104851,2026-05-20 23:17:00,621,1,1
797,104854,2026-05-11 16:08:00,641,0,0
798,104856,2026-05-22 15:49:00,804,1,1
799,104862,2026-05-24 04:29:00,602,1,1
800,104873,2026-05-10 18:47:00,455,0,0
801,104878,2026-05-20 01:21:00,525,1,1
802,104880,2026-06-02 07:44:00,821,1,0
803,104882,2026-05-24 03:46:00,688,0,0
804,104887,2026-05-09 14:05:00,787,1,1
805,104888,2026-05-12 18:54:00,532,0,0
806,104891,2026-06-15 01:33:00,724,0,0
807,104898,2026-05-22 15:08:00,573,1,1
808,104899,2026-05-30 12:59:00,795,1,1
809,104900,2026-06-01 22:14:00,687,0,0
810,104902,2026-05-17 15:00:00,657,1,1
811,104906,2026-05-22 15:13:00,524,0,0
812,104913,2026-06-02 14:06:00,589,0,0
813,104915,2026-05-27 18:29:00,508,1,1
814,104918,2026-05-05 13:47:00,751,0,0
815,104922,2026-05-16 06:32:00,782,1,1
816,104927,2026-05-26 12:08:00,686,1,1
817,104941,2026-06-15 22:51:00,767,0,0
818,104946,2026-06-10 06:53:00,600,0,0
819,104954,2026-05-11 04:40:00,603,1,1
820,104960,2026-05-17 14:57:00,699,1,1
821,104963,2026-05-19 12:56:00,651,1,1
822,104966,2026-05-28 09:11:00,647,1,1
823,104969,2026-06-07 01:36:00,703,1,0
824,104977,2026-05-20 11:49:00,774,0,0
825,104985,2026-06-05 02:50:00,576,0,0
826,104987,2026-06-03 09:22:00,749,1,1
827,104996,2026-05-07 20:36:00,587,0,0
828,105008,2026-06-02 22:24:00,659,1,0
829,105014,2026-06-03 21:54:00,491,1,1
830,105016,2026-05-22 01:27:00,761,1,1
831,105017,2026-05-20 16:50:00,672,1,1
832,105036,2026-05-06 22:07:00,719,1,1
833,105042,2026-05-06 15:11:00,619,1,1
834,105048,2026-05-31 22:06:00,750,1,1
835,105055,2026-05-15 22:48:00,633,0,0
836,105057,2026-06-10 11:41:00,640,1,1
837,105067,2026-05-24 03:35:00,618,1,0
838,105070,2026-05-12 20:13:00,703,1,0
839,105075,2026-05-26 17:54:00,639,1,1
840,105086,2026-05-24 14:55:00,697,1,1
841,105090,2026-05-20 02:40:00,675,0,0
842,105092,2026-05-04 22:22:00,807,1,1
843,105106,2026-05-18 14:09:00,670,1,1
844,105109,2026-05-21 20:25:00,566,1,1
845,105119,2026-05-19 16:35:00,769,1,1
846,105123,2026-05-23 04:18:00,729,1,1
847,105126,2026-06-05 19:28:00,688,1,1
848,105132,2026-05-06 05:00:00,629,0,0
849,105148,2026-05-20 11:20:00,607,1,1
850,105152,2026-05-19 21:04:00,714,1,1
851,105158,2026-05-09 18:02:00,706,1,1
852,105163,2026-05-10 17:22:00,667,1,1
853,105166,2026-05-27 18:07:00,694,0,0
854,105169,2026-05-28 17:33:00,634,0,0
855,105170,2026-06-05 20:43:00,498,0,0
856,105173,2026-05-23 17:13:00,493,0,0
857,105176,2026-05-15 09:22:00,611,1,1
858,105192,2026-05-22 15:22:00,720,0,0
859,105193,2026-06-02 03:38:00,707,1,1
860,105194,2026-05-26 02:17:00,649,1,0
861,105198,2026-05-08 17:51:00,609,1,0
862,105200,2026-05-20 19:57:00,687,1,0
863,105207,2026-06-06 01:19:00,583,1,1
864,105212,2026-05-22 02:24:00,645,1,1
865,105220,2026-05-22 10:07:00,702,1,0
866,105221,2026-05-19 06:05:00,543,1,0
867,105227,2026-05-14 18:16:00,622,1,1
868,105232,2026-06-03 23:08:00,469,1,1
869,105238,2026-06-09 14:27:00,768,0,0
870,105239,2026-05-30 04:30:00,621,1,1
871,105249,2026-05-25 05:24:00,593,1,1
872,105250,2026-05-26 10:38:00,624,0,0
873,105251,2026-05-22 03:36:00,760,1,1
874,105252,2026-05-24 21:31:00,662,1,1
875,105253,2026-06-09 19:45:00,650,0,0
876,105257,2026-05-31 06:21:00,726,0,0
877,105268,2026-05-25 14:55:00,468,0,0
878,105272,2026-05-22 16:47:00,557,1,1
879,105275,2026-05-25 16:25:00,627,1,1
880,105281,2026-05-04 13:53:00,687,1,0
881,105286,2026-05-23 22:29:00,748,1,1
882,105303,2026-05-29 01:29:00,720,1,1
883,105313,2026-05-21 12:01:00,653,1,0
884,105327,2026-05-14 03:52:00,530,1,0
885,105330,2026-06-02 02:17:00,592,1,1
886,105345,2026-05-10 08:13:00,751,1,1
887,105346,2026-05-18 21:08:00,643,1,1
888,105352,2026-05-12 22:01:00,743,1,0
889,105354,2026-05-15 05:21:00,659,1,0
890,105359,2026-05-21 16:09:00,724,0,0
891,105365,2026-05-20 23:37:00,767,1,1
892,105368,2026-05-07 09:29:00,617,0,0
893,105369,2026-05-22 21:44:00,692,1,1
894,105372,2026-05-18 13:06:00,638,1,0
895,105374,2026-05-18 21:13:00,704,0,0
896,105377,2026-05-26 13:59:00,659,0,0
897,105379,2026-05-20 12:45:00,672,0,0
898,105381,2026-05-09 12:52:00,698,1,0
899,105386,2026-05-17 09:12:00,670,1,1
900,105396,2026-05-24 20:51:00,599,0,0
901,105400,2026-05-30 04:15:00,790,1,1
902,105405,2026-05-08 14:55:00,719,1,1
903,105425,2026-06-03 15:13:00,580,0,0
904,105441,2026-05-16 00:59:00,584,0,0
905,105444,2026-05-26 15:18:00,717,1,0
906,105445,2026-06-03 23:11:00,688,0,0
907,105446,2026-05-20 13:29:00,587,0,0
908,105453,2026-05-30 02:03:00,737,0,0
909,105457,2026-05-25 03:06:00,723,0,0
910,105472,2026-05-14 07:50:00,644,0,0
911,105475,2026-05-24 07:28:00,745,0,0
912,105484,2026-06-06 06:51:00,622,0,0
913,105495,2026-05-11 14:41:00,698,0,0
914,105514,2026-06-05 09:54:00,661,1,1
915,105517,2026-05-27 18:14:00,471,1,0
916,105526,2026-06-06 17:14:00,670,1,1
917,105527,2026-05-26 05:24:00,649,0,0
918,105536,2026-06-04 12:14:00,521,1,1
919,105547,2026-05-23 07:09:00,618,0,0
920,105553,2026-05-22 14:26:00,667,1,1
921,105568,2026-05-24 23:49:00,612,0,0
922,105569,2026-05-30 00:10:00,723,1,1
923,105576,2026-05-24 23:37:00,792,0,0
924,105579,2026-05-16 06:21:00,723,1,1
925,105588,2026-05-12 23:05:00,732,0,0
926,105592,2026-06-05 00:42:00,591,1,1
927,105601,2026-05-15 00:18:00,645,1,1
928,105627,2026-05-13 05:23:00,685,1,0
929,105628,2026-06-06 09:44:00,776,1,0
930,105633,2026-05-16 20:33:00,758,1,1
931,105635,2026-06-06 11:11:00,737,0,0
932,105639,2026-05-27 14:29:00,658,1,1
933,105640,2026-05-11 23:39:00,518,1,1
934,105641,2026-05-19 02:36:00,598,1,1
935,105665,2026-05-21 09:49:00,686,0,0
936,105670,2026-05-15 06:11:00,410,0,0
937,105679,2026-05-14 13:13:00,612,1,1
938,105682,2026-06-04 04:24:00,612,0,0
939,105685,2026-06-01 08:12:00,837,1,0
940,105694,2026-06-08 19:33:00,662,1,1
941,105695,2026-06-08 12:16:00,673,1,1
942,105698,2026-05-11 05:58:00,511,1,1
943,105710,2026-05-18 01:45:00,651,0,0
944,105716,2026-05-30 01:14:00,587,0,0
945,105722,2026-06-06 12:10:00,647,1,1
946,105727,2026-05-28 08:20:00,713,1,1
947,105729,2026-05-10 02:48:00,617,1,1
948,105731,2026-05-22 07:22:00,603,0,0
949,105732,2026-05-18 07:43:00,661,0,0
950,105733,2026-05-19 04:48:00,694,1,1
951,105734,2026-05-29 17:34:00,600,0,0
952,105742,2026-05-27 02:27:00,721,1,1
953,105748,2026-05-19 21:14:00,638,0,0
954,105763,2026-06-03 20:02:00,619,0,0
955,105770,2026-06-09 06:35:00,683,0,0
956,105771,2026-06-02 10:07:00,756,1,1
957,105774,2026-05-24 14:50:00,700,1,1
958,105791,2026-05-22 19:40:00,584,1,0
959,105797,2026-05-30 20:45:00,676,0,0
960,105799,2026-06-17 08:24:00,645,0,0
961,105803,2026-05-08 01:05:00,634,0,0
962,105809,2026-05-21 10:49:00,573,0,0
963,105819,2026-05-25 02:48:00,639,1,1
964,105823,2026-06-05 20:17:00,613,0,0
965,105830,2026-05-08 09:14:00,644,1,1
966,105834,2026-06-03 21:20:00,713,1,1
967,105839,2026-05-15 16:28:00,576,1,1
968,105854,2026-05-30 07:09:00,566,0,0
969,105857,2026-05-20 06:56:00,741,1,1
970,105865,2026-05-30 14:55:00,555,1,1
971,105871,2026-05-22 13:44:00,712,1,1
972,105873,2026-05-14 02:21:00,734,1,0
973,105875,2026-05-23 20:56:00,523,0,0
974,105877,2026-06-14 04:49:00,496,1,1
975,105881,2026-06-03 10:42:00,673,1,0
976,105882,2026-06-04 06:07:00,685,0,0
977,105883,2026-06-13 10:20:00,510,0,0
978,105891,2026-05-13 18:20:00,695,0,0
979,105894,2026-05-06 12:33:00,567,0,0
980,105909,2026-05-28 11:50:00,690,1,1
981,105917,2026-05-15 05:24:00,572,1,1
982,105932,2026-06-04 11:52:00,632,0,0
983,105938,2026-06-02 07:12:00,820,1,1
984,105943,2026-05-18 13:59:00,647,1,1
985,105946,2026-06-12 05:53:00,535,0,0
986,105949,2026-05-04 14:58:00,752,0,0
987,105951,2026-05-16 20:43:00,774,1,1
988,105956,2026-06-09 17:34:00,713,0,0
989,105958,2026-05-29 15:32:00,712,1,0
990,105973,2026-05-20 20:35:00,647,0,0
991,105978,2026-05-14 07:07:00,730,1,0
992,105982,2026-06-02 15:46:00,682,0,0
993,105984,2026-05-22 22:48:00,531,0,0
994,105986,2026-06-03 01:56:00,578,0,0
995,105993,2026-05-13 13:37:00,584,0,0
996,105994,2026-06-14 06:50:00,677,1,1
997,106002,2026-05-20 11:27:00,572,1,1
998,106004,2026-05-25 06:56:00,562,0,0
999,106007,2026-05-29 02:29:00,532,0,0
1000,106010,2026-05-06 01:42:00,709,1,1
1001,106026,2026-05-10 04:20:00,633,0,0
1002,106032,2026-06-05 16:21:00,654,1,1
1003,106035,2026-05-19 07:45:00,710,1,0
1004,106037,2026-06-07 15:48:00,694,1,0
1005,106056,2026-05-23 12:27:00,627,1,1
1006,106058,2026-05-09 10:38:00,577,1,0
1007,106065,2026-05-26 08:39:00,595,0,0
1008,106066,2026-05-09 03:12:00,633,1,1
1009,106070,2026-05-21 17:17:00,744,1,1
1010,106072,2026-05-22 00:51:00,617,1,1
1011,106085,2026-05-13 21:13:00,676,0,0
1012,106089,2026-05-25 18:49:00,586,0,0
1013,106094,2026-05-11 07:51:00,585,0,0
1014,106095,2026-05-22 06:21:00,560,1,1
1015,106111,2026-05-22 00:57:00,720,1,0
1016,106122,2026-05-10 15:42:00,679,0,0
1017,106123,2026-05-22 09:54:00,691,0,0
1018,106127,2026-05-15 01:12:00,593,1,0
1019,106129,2026-05-16 15:34:00,707,1,0
1020,106133,2026-05-07 23:36:00,726,1,1
1021,106144,2026-05-19 02:37:00,567,1,0
1022,106148,2026-05-18 15:37:00,590,1,0
1023,106153,2026-05-16 14:41:00,606,1,1
1024,106159,2026-06-02 07:24:00,550,1,1
1025,106162,2026-05-09 12:09:00,503,1,1
1026,106166,2026-05-08 15:20:00,479,0,0
1027,106169,2026-05-05 01:20:00,702,0,0
1028,106176,2026-05-16 15:08:00,730,1,1
1029,106177,2026-06-01 20:34:00,723,0,0
1030,106180,2026-05-29 14:03:00,552,0,0
1031,106183,2026-05-26 03:45:00,728,1,0
1032,106185,2026-05-31 09:51:00,563,1,0
1033,106192,2026-05-12 10:35:00,577,1,0
1034,106199,2026-05-28 19:16:00,643,1,1
1035,106200,2026-05-30 18:52:00,641,0,0
1036,106213,2026-05-16 07:26:00,679,1,0
1037,106216,2026-05-25 15:00:00,643,1,1
1038,106223,2026-06-10 06:49:00,776,1,1
1039,106225,2026-05-28 12:34:00,682,1,1
1040,106226,2026-05-16 18:12:00,640,0,0
1041,106227,2026-06-09 11:49:00,654,0,0
1042,106229,2026-05-22 01:44:00,610,0,0
1043,106239,2026-06-07 21:35:00,579,0,0
1044,106242,2026-05-25 09:22:00,801,1,1
1045,106243,2026-05-15 03:08:00,446,0,0
1046,106245,2026-05-29 19:34:00,618,0,0
1047,106248,2026-06-03 04:32:00,608,1,1
1048,106252,2026-05-31 07:05:00,609,0,0
1049,106253,2026-05-18 20:51:00,690,1,1
1050,106269,2026-05-21 14:21:00,645,1,0
1051,106279,2026-05-10 21:31:00,532,1,0
1052,106292,2026-05-15 23:51:00,546,1,1
1053,106295,2026-05-18 19:48:00,565,1,1
1054,106300,2026-06-02 02:47:00,645,1,1
1055,106305,2026-05-22 06:45:00,644,1,0
1056,106314,2026-06-04 18:12:00,692,1,1
1057,106321,2026-05-31 08:53:00,828,0,0
1058,106335,2026-05-30 16:15:00,696,0,0
1059,106339,2026-06-07 20:19:00,641,1,1
1060,106343,2026-06-11 14:59:00,802,1,1
1061,106344,2026-05-03 16:44:00,615,1,1
1062,106350,2026-05-23 01:42:00,676,0,0
1063,106363,2026-05-29 19:16:00,650,0,0
1064,106368,2026-05-11 02:44:00,589,0,0
1065,106378,2026-06-03 18:43:00,769,0,0
1066,106384,2026-05-22 00:56:00,741,1,1
1067,106386,2026-05-27 08:01:00,659,0,0
1068,106388,2026-06-01 08:01:00,697,1,1
1069,106391,2026-06-02 03:14:00,617,1,0
1070,106408,2026-05-10 00:19:00,729,1,1
1071,106426,2026-05-19 13:58:00,716,1,1
1072,106429,2026-05-25 14:45:00,587,0,0
1073,106430,2026-05-21 22:17:00,645,1,1
1074,106440,2026-05-31 21:13:00,705,1,1
1075,106446,2026-05-16 22:22:00,686,0,0
1076,106448,2026-05-27 17:27:00,581,0,0
1077,106459,2026-05-21 10:17:00,618,1,1
1078,106477,2026-06-04 06:19:00,666,0,0
1079,106478,2026-05-21 18:47:00,829,1,0
1080,106479,2026-05-19 03:01:00,605,1,1
1081,106487,2026-05-30 18:32:00,563,0,0
1082,106492,2026-06-04 17:20:00,579,1,0
1083,106500,2026-05-12 03:07:00,703,0,0
1084,106515,2026-05-28 14:35:00,570,0,0
1085,106517,2026-05-08 08:42:00,646,1,1
1086,106523,2026-05-22 21:23:00,799,0,0
1087,106526,2026-05-10 23:52:00,645,0,0
1088,106531,2026-05-10 01:26:00,614,0,0
1089,106535,2026-06-06 19:25:00,583,1,1
1090,106543,2026-05-27 16:24:00,654,1,1
1091,106547,2026-05-18 11:00:00,584,0,0
1092,106550,2026-05-04 04:36:00,552,1,1
1093,106552,2026-05-25 00:23:00,655,1,1
1094,106556,2026-06-07 01:59:00,767,1,1
1095,106570,2026-05-29 12:19:00,564,0,0
1096,106576,2026-05-19 21:39:00,629,0,0
1097,106585,2026-06-04 06:36:00,720,1,1
1098,106586,2026-05-14 08:37:00,600,1,1
1099,106590,2026-05-16 04:45:00,559,0,0
1100,106597,2026-05-28 13:41:00,634,1,1
1101,106603,2026-05-29 10:49:00,642,0,0
1102,106607,2026-05-12 04:28:00,626,1,0
1103,106610,2026-05-10 12:57:00,685,1,0
1104,106611,2026-06-04 21:57:00,630,0,0
1105,106641,2026-06-06 04:16:00,713,1,1
1106,106649,2026-05-29 03:47:00,649,1,0
1107,106654,2026-06-03 06:34:00,734,1,0
1108,106663,2026-05-05 08:15:00,592,0,0
1109,106681,2026-05-10 12:18:00,693,1,1
1110,106683,2026-05-23 14:04:00,760,1,1
1111,106687,2026-05-16 11:22:00,625,1,1
1112,106693,2026-05-15 23:27:00,767,1,1
1113,106694,2026-05-27 10:59:00,587,1,0
1114,106695,2026-06-03 19:32:00,751,0,0
1115,106701,2026-05-07 09:44:00,695,1,1
1116,106713,2026-05-22 19:11:00,686,1,1
1117,106722,2026-05-26 00:43:00,460,0,0
1118,106726,2026-05-25 09:54:00,646,1,1
1119,106729,2026-05-12 11:44:00,662,1,1
1120,106742,2026-06-07 07:27:00,563,1,1
1121,106743,2026-05-27 11:46:00,675,1,1
1122,106751,2026-05-23 22:15:00,645,1,1
1123,106753,2026-05-28 07:45:00,695,1,1
1124,106756,2026-05-16 22:41:00,598,1,0
1125,106761,2026-05-13 09:22:00,850,1,1
1126,106762,2026-05-21 11:28:00,590,1,1
1127,106764,2026-05-11 16:15:00,788,1,1
1128,106765,2026-05-15 08:25:00,642,0,0
1129,106781,2026-05-27 06:51:00,638,0,0
1130,106796,2026-05-09 10:42:00,555,0,0
1131,106798,2026-05-17 09:30:00,698,0,0
1132,106801,2026-05-21 08:26:00,701,1,1
1133,106808,2026-05-21 23:05:00,695,1,1
1134,106812,2026-05-19 21:32:00,731,1,1
1135,106814,2026-06-02 08:36:00,718,1,0
1136,106818,2026-05-12 16:42:00,623,1,0
1137,106819,2026-05-15 12:01:00,663,1,0
1138,106838,2026-05-23 11:52:00,686,0,0
1139,106845,2026-05-10 11:08:00,554,0,0
1140,106848,2026-06-02 16:18:00,549,0,0
1141,106851,2026-05-31 21:04:00,745,1,1
1142,106873,2026-05-18 16:49:00,559,1,0
1143,106875,2026-05-05 15:24:00,559,0,0
1144,106876,2026-05-22 22:50:00,690,1,0
1145,106880,2026-06-10 22:16:00,623,0,0
1146,106884,2026-05-30 09:36:00,709,1,0
1147,106885,2026-06-06 04:10:00,649,0,0
1148,106886,2026-05-11 16:04:00,758,1,1
1149,106889,2026-05-30 06:45:00,602,0,0
1150,106890,2026-05-28 22:21:00,586,0,0
1151,106892,2026-06-02 13:24:00,604,0,0
1152,106893,2026-05-15 23:47:00,708,1,1
1153,106901,2026-05-30 09:43:00,739,0,0
1154,106906,2026-05-21 17:33:00,498,1,1
1155,106910,2026-05-24 13:54:00,540,0,0
1156,106923,2026-05-06 19:37:00,666,1,1
1157,106927,2026-06-05 23:56:00,583,1,1
1158,106938,2026-05-12 11:45:00,624,1,1
1159,106941,2026-05-30 14:53:00,580,1,1
1160,106946,2026-05-14 03:56:00,622,1,1
1161,106949,2026-05-11 16:09:00,576,1,1
1162,106954,2026-05-24 19:43:00,574,1,1
1163,106957,2026-05-28 10:46:00,655,1,1
1164,106964,2026-05-26 05:38:00,783,1,1
1165,106965,2026-05-15 04:15:00,684,1,1
1166,106992,2026-05-28 14:22:00,597,1,1
1167,106998,2026-06-13 01:29:00,623,0,0
1168,107019,2026-05-27 19:01:00,625,1,0
1169,107024,2026-05-16 04:00:00,664,1,1
1170,107033,2026-06-08 06:50:00,626,1,1
1171,107035,2026-06-07 12:51:00,639,1,1
1172,107042,2026-05-28 09:03:00,653,1,1
1173,107044,2026-06-08 21:11:00,645,1,1
1174,107046,2026-06-10 23:58:00,594,0,0
1175,107047,2026-05-29 06:15:00,726,1,0
1176,107048,2026-05-22 00:12:00,614,0,0
1177,107051,2026-05-07 22:06:00,709,1,1
1178,107062,2026-05-12 09:45:00,631,1,0
1179,107068,2026-05-15 15:06:00,544,0,0
1180,107095,2026-05-31 12:59:00,706,0,0
1181,107097,2026-05-12 23:34:00,679,1,0
1182,107100,2026-05-26 21:32:00,674,1,0
1183,107101,2026-05-13 03:26:00,716,1,1
1184,107105,2026-05-17 16:16:00,612,1,1
1185,107115,2026-05-20 16:41:00,645,1,1
1186,107118,2026-05-28 04:15:00,644,1,1
1187,107136,2026-05-20 16:37:00,717,0,0
1188,107146,2026-05-21 00:39:00,732,1,0
1189,107159,2026-06-10 10:30:00,711,1,0
1190,107161,2026-05-08 18:05:00,470,1,1
1191,107164,2026-05-25 01:27:00,496,0,0
1192,107173,2026-05-20 23:54:00,598,1,1
1193,107183,2026-05-29 05:25:00,640,1,1
1194,107189,2026-06-01 02:07:00,607,1,0
1195,107199,2026-05-27 19:38:00,708,1,1
1196,107204,2026-05-25 18:28:00,696,1,0
1197,107207,2026-05-22 13:49:00,606,0,0
1198,107208,2026-05-08 22:24:00,589,1,1
1199,107209,2026-06-04 23:32:00,603,0,0
1200,107227,2026-05-23 04:59:00,635,1,1
1201,107230,2026-05-19 11:53:00,551,1,1
1202,107233,2026-05-16 15:22:00,499,0,0
1203,107235,2026-05-18 12:11:00,773,0,0
1204,107244,2026-06-03 17:59:00,583,1,1
1205,107245,2026-06-02 22:24:00,751,1,1
1206,107246,2026-05-23 05:07:00,618,1,1
1207,107248,2026-06-10 05:20:00,755,1,1
1208,107249,2026-05-23 11:35:00,607,1,1
1209,107258,2026-05-16 22:40:00,697,0,0
1210,107263,2026-05-28 18:41:00,600,1,0
1211,107271,2026-05-28 09:50:00,639,1,0
1212,107276,2026-05-13 08:31:00,629,1,1
1213,107284,2026-05-16 15:38:00,709,1,0
1214,107295,2026-06-06 15:36:00,664,1,0
1215,107298,2026-05-23 20:19:00,697,1,1
1216,107299,2026-05-25 05:44:00,578,0,0
1217,107312,2026-05-31 10:31:00,531,0,0
1218,107319,2026-05-31 06:31:00,535,0,0
1219,107324,2026-05-22 17:43:00,591,1,1
1220,107325,2026-06-03 13:31:00,663,1,0
1221,107344,2026-05-29 10:48:00,638,0,0
1222,107357,2026-06-03 06:06:00,639,1,0
1223,107362,2026-06-08 17:29:00,648,1,1
1224,107364,2026-05-06 10:10:00,639,1,1
1225,107367,2026-05-12 15:13:00,568,1,1
1226,107368,2026-05-24 10:04:00,675,0,0
1227,107372,2026-05-06 14:30:00,616,1,1
1228,107373,2026-05-24 07:37:00,620,1,0
1229,107381,2026-05-20 08:25:00,728,1,0
1230,107383,2026-06-01 21:07:00,518,1,0
1231,107384,2026-05-17 05:59:00,595,1,1
1232,107385,2026-06-04 07:43:00,686,1,1
1233,107390,2026-06-06 05:41:00,629,0,0
1234,107391,2026-05-04 13:13:00,678,0,0
1235,107392,2026-05-22 01:46:00,684,0,0
1236,107400,2026-05-12 11:13:00,583,1,0
1237,107405,2026-06-06 09:53:00,681,1,1
1238,107406,2026-05-15 04:54:00,648,0,0
1239,107417,2026-05-24 16:39:00,581,0,0
1240,107420,2026-05-30 04:58:00,621,1,1
1241,107422,2026-05-30 12:58:00,641,1,1
1242,107429,2026-05-31 01:24:00,729,1,0
1243,107441,2026-05-11 19:03:00,618,0,0
1244,107448,2026-05-19 15:55:00,707,0,0
1245,107452,2026-06-06 20:05:00,488,1,0
1246,107454,2026-05-23 14:50:00,600,1,0
1247,107458,2026-05-23 10:03:00,686,0,0
1248,107462,2026-05-07 20:00:00,680,1,0
1249,107465,2026-05-17 13:23:00,696,1,1
1250,107467,2026-05-18 00:46:00,616,1,1
1251,107477,2026-06-08 08:12:00,703,1,1
1252,107478,2026-05-21 19:24:00,675,1,0
1253,107488,2026-06-01 16:40:00,681,0,0
1254,107492,2026-05-25 17:27:00,662,1,1
1255,107496,2026-05-29 01:25:00,607,1,1
1256,107501,2026-05-24 03:23:00,629,0,0
1257,107510,2026-05-21 22:39:00,586,1,0
1258,107511,2026-06-14 20:52:00,681,1,1
1259,107512,2026-05-22 13:53:00,639,1,0
1260,107515,2026-05-10 23:49:00,625,0,0
1261,107517,2026-05-18 15:52:00,469,0,0
1262,107518,2026-05-14 13:53:00,578,0,0
1263,107533,2026-05-09 05:37:00,667,0,0
1264,107538,2026-05-19 01:02:00,737,0,0
1265,107544,2026-05-28 19:26:00,647,1,1
1266,107546,2026-05-03 21:51:00,558,1,0
1267,107553,2026-05-21 05:12:00,621,0,0
1268,107564,2026-06-03 11:05:00,638,1,1
1269,107567,2026-05-27 02:10:00,718,1,1
1270,107574,2026-06-13 05:17:00,589,0,0
1271,107575,2026-05-27 07:41:00,659,1,1
1272,107588,2026-05-29 04:13:00,587,1,0
1273,107598,2026-05-08 07:12:00,750,1,1
1274,107603,2026-05-23 05:29:00,526,0,0
1275,107605,2026-05-23 20:27:00,734,1,1
1276,107612,2026-05-06 00:13:00,499,0,0
1277,107630,2026-05-27 08:12:00,698,1,1
1278,107632,2026-05-20 21:02:00,785,0,0
1279,107633,2026-05-24 02:25:00,654,1,0
1280,107638,2026-06-05 19:55:00,731,1,1
1281,107642,2026-05-30 16:25:00,631,0,0
1282,107649,2026-05-08 18:07:00,633,1,0
1283,107653,2026-05-25 15:35:00,700,0,0
1284,107656,2026-05-21 14:11:00,608,1,1
1285,107663,2026-05-15 23:17:00,642,1,1
1286,107668,2026-05-19 18:33:00,786,1,0
1287,107669,2026-06-04 11:10:00,529,0,0
1288,107670,2026-06-02 12:13:00,621,0,0
1289,107671,2026-06-02 04:40:00,653,0,0
1290,107673,2026-06-07 11:37:00,555,1,1
1291,107675,2026-06-13 07:48:00,632,1,1
1292,107676,2026-05-18 17:08:00,580,0,0
1293,107681,2026-05-19 17:02:00,678,1,1
1294,107685,2026-05-06 18:32:00,616,0,0
1295,107692,2026-05-30 03:27:00,656,1,1
1296,107695,2026-06-17 03:10:00,732,0,0
1297,107699,2026-05-19 15:14:00,665,0,0
1298,107711,2026-05-05 21:16:00,850,1,1
1299,107712,2026-06-17 13:58:00,564,1,1
1300,107716,2026-05-22 02:28:00,699,1,1
1301,107729,2026-06-04 23:49:00,721,0,0
1302,107733,2026-05-17 15:58:00,563,1,0
1303,107742,2026-05-25 10:44:00,557,0,0
1304,107744,2026-05-19 16:16:00,487,0,0
1305,107749,2026-05-26 21:15:00,701,1,1
1306,107755,2026-06-07 19:36:00,736,0,0
1307,107763,2026-06-10 23:11:00,607,1,1
1308,107764,2026-05-31 09:49:00,577,0,0
1309,107777,2026-05-31 05:04:00,683,1,0
1310,107778,2026-06-03 19:30:00,722,1,1
1311,107784,2026-05-09 20:02:00,695,0,0
1312,107785,2026-05-21 00:26:00,758,0,0
1313,107791,2026-05-20 21:00:00,641,1,1
1314,107801,2026-06-04 04:19:00,499,1,1
1315,107802,2026-05-14 20:32:00,712,1,1
1316,107808,2026-06-09 06:47:00,737,0,0
1317,107810,2026-06-01 10:04:00,536,1,0
1318,107815,2026-06-01 19:28:00,517,0,0
1319,107816,2026-05-10 11:53:00,535,0,0
1320,107827,2026-06-02 03:08:00,741,1,1
1321,107837,2026-05-22 02:26:00,635,1,1
1322,107855,2026-06-10 10:14:00,663,1,1
1323,107860,2026-05-14 03:14:00,709,0,0
1324,107863,2026-05-31 11:46:00,493,1,1
1325,107865,2026-05-12 07:05:00,814,1,0
1326,107866,2026-05-18 17:17:00,688,0,0
1327,107868,2026-06-11 02:26:00,591,0,0
1328,107871,2026-05-24 20:34:00,812,1,0
1329,107875,2026-05-28 19:48:00,644,1,1
1330,107876,2026-06-06 23:14:00,623,1,0
1331,107888,2026-05-22 14:01:00,713,1,1
1332,107891,2026-06-02 18:17:00,646,0,0
1333,107892,2026-05-19 04:27:00,585,1,1
1334,107893,2026-05-19 16:51:00,646,1,1
1335,107899,2026-06-12 18:07:00,735,1,0
1336,107901,2026-05-26 03:16:00,649,0,0
1337,107912,2026-05-21 07:35:00,637,1,1
1338,107915,2026-05-14 00:45:00,734,1,1
1339,107917,2026-06-04 12:00:00,691,1,1
1340,107931,2026-06-15 13:21:00,546,0,0
1341,107934,2026-05-29 05:46:00,626,0,0
1342,107936,2026-06-01 01:01:00,661,1,1
1343,107937,2026-06-07 12:38:00,631,1,1
1344,107944,2026-05-25 21:15:00,631,1,1
1345,107951,2026-05-16 05:57:00,563,0,0
1346,107965,2026-05-18 02:50:00,780,1,1
1347,107974,2026-05-18 01:13:00,632,1,1
1348,107976,2026-05-17 21:29:00,545,1,1
1349,107984,2026-05-16 03:25:00,569,0,0
1350,107989,2026-06-08 07:59:00,556,1,1
1351,107991,2026-05-26 12:30:00,568,0,0
1352,107992,2026-05-15 10:02:00,612,1,1
1353,108003,2026-05-23 18:14:00,702,0,0
1354,108009,2026-06-05 14:14:00,820,1,0
1355,108012,2026-05-22 11:45:00,531,1,1
1356,108032,2026-05-12 01:21:00,726,1,1
1357,108036,2026-05-13 11:19:00,647,1,0
1358,108037,2026-05-31 05:03:00,661,1,1
1359,108038,2026-05-28 03:19:00,577,1,0
1360,108044,2026-06-04 13:20:00,524,1,1
1361,108045,2026-05-23 06:05:00,558,1,0
1362,108058,2026-05-31 21:17:00,634,1,1
1363,108059,2026-06-01 16:35:00,576,0,0
1364,108064,2026-05-20 20:06:00,603,0,0
1365,108068,2026-05-16 18:58:00,684,1,0
1366,108070,2026-05-23 04:31:00,445,1,0
1367,108072,2026-06-06 10:11:00,585,1,1
1368,108077,2026-05-30 17:25:00,554,0,0
1369,108083,2026-05-22 06:33:00,557,1,1
1370,108085,2026-06-06 18:21:00,610,0,0
1371,108086,2026-05-19 17:09:00,619,1,1
1372,108096,2026-05-29 02:55:00,452,1,1
1373,108104,2026-05-24 22:00:00,680,1,0
1374,108107,2026-05-17 02:44:00,612,1,1
1375,108110,2026-05-13 08:46:00,813,0,0
1376,108122,2026-06-06 00:55:00,631,1,1
1377,108125,2026-05-19 23:41:00,755,1,0
1378,108137,2026-05-27 06:15:00,665,1,0
1379,108144,2026-05-28 05:26:00,729,1,1
1380,108149,2026-05-08 19:02:00,622,1,0
1381,108150,2026-05-29 21:22:00,668,0,0
1382,108159,2026-06-10 12:19:00,665,0,0
1383,108164,2026-05-23 10:56:00,696,1,1
1384,108166,2026-05-24 10:42:00,687,1,1
1385,108169,2026-05-20 16:30:00,623,0,0
1386,108184,2026-05-18 18:05:00,812,1,1
1387,108186,2026-05-27 17:23:00,600,0,0
1388,108193,2026-06-06 16:56:00,725,1,1
1389,108195,2026-06-14 14:39:00,631,1,0
1390,108202,2026-05-26 18:29:00,698,1,0
1391,108207,2026-05-27 10:21:00,707,1,1
1392,108219,2026-05-30 20:15:00,813,1,1
1393,108221,2026-05-03 07:08:00,696,1,1
1394,108224,2026-06-11 20:27:00,670,1,1
1395,108227,2026-05-06 21:23:00,685,1,1
1396,108231,2026-06-03 08:52:00,754,1,1
1397,108235,2026-05-15 06:55:00,666,0,0
1398,108236,2026-05-24 20:32:00,647,1,1
1399,108244,2026-05-25 23:45:00,640,1,0
1400,108252,2026-05-31 14:04:00,735,1,1
1401,108260,2026-05-17 18:17:00,733,0,0
1402,108275,2026-05-16 11:07:00,652,0,0
1403,108277,2026-05-25 23:45:00,695,1,1
1404,108284,2026-05-26 08:47:00,461,1,0
1405,108285,2026-05-27 22:35:00,548,0,0
1406,108302,2026-05-25 18:01:00,630,1,1
1407,108303,2026-05-28 20:22:00,558,0,0
1408,108306,2026-05-22 16:23:00,671,1,1
1409,108320,2026-05-13 21:28:00,707,1,1
1410,108329,2026-05-12 23:49:00,593,0,0
1411,108333,2026-05-24 17:40:00,535,0,0
1412,108334,2026-06-01 12:23:00,610,0,0
1413,108335,2026-05-20 11:20:00,755,0,0
1414,108344,2026-05-04 12:34:00,755,0,0
1415,108353,2026-05-17 00:53:00,677,0,0
1416,108358,2026-05-25 17:30:00,588,0,0
1417,108364,2026-05-30 13:24:00,607,1,1
1418,108375,2026-06-08 04:49:00,789,1,1
1419,108386,2026-05-25 19:47:00,632,1,1
1420,108394,2026-05-15 08:41:00,517,0,0
1421,108396,2026-05-17 13:32:00,624,0,0
1422,108407,2026-06-01 10:22:00,732,1,0
1423,108411,2026-06-05 18:42:00,627,0,0
1424,108414,2026-05-24 19:02:00,781,1,1
1425,108419,2026-05-18 03:44:00,635,1,1
1426,108422,2026-05-13 18:24:00,498,0,0
1427,108430,2026-05-05 01:03:00,670,1,1
1428,108431,2026-05-20 05:07:00,701,1,1
1429,108434,2026-05-15 20:14:00,594,0,0
1430,108443,2026-05-19 06:56:00,638,1,0
1431,108444,2026-05-25 05:40:00,701,0,0
1432,108449,2026-05-23 03:57:00,641,1,0
1433,108460,2026-06-08 02:49:00,679,0,0
1434,108463,2026-05-26 23:44:00,643,0,0
1435,108465,2026-06-02 05:17:00,704,0,0
1436,108467,2026-05-14 04:16:00,670,1,1
1437,108477,2026-05-22 15:48:00,619,1,0
1438,108483,2026-05-20 17:01:00,576,1,1
1439,108487,2026-05-23 23:02:00,491,0,0
1440,108494,2026-06-10 10:04:00,566,1,0
1441,108500,2026-05-16 08:28:00,773,0,0
1442,108501,2026-05-16 20:02:00,607,0,0
1443,108504,2026-06-01 17:19:00,850,0,0
1444,108508,2026-05-27 06:53:00,617,1,1
1445,108509,2026-06-02 15:34:00,704,1,1
1446,108520,2026-05-30 21:46:00,786,1,0
1447,108528,2026-05-11 16:39:00,672,0,0
1448,108551,2026-05-23 16:19:00,574,0,0
1449,108562,2026-06-04 21:28:00,652,0,0
1450,108588,2026-06-03 00:40:00,631,1,1
1451,108589,2026-05-12 21:02:00,774,0,0
1452,108597,2026-06-01 18:26:00,700,0,0
1453,108599,2026-05-27 04:50:00,648,0,0
1454,108612,2026-06-02 00:08:00,676,1,0
1455,108630,2026-05-05 23:20:00,700,0,0
1456,108642,2026-05-26 22:43:00,608,1,1
1457,108648,2026-05-06 12:35:00,633,0,0
1458,108652,2026-06-03 00:04:00,815,1,1
1459,108664,2026-05-16 21:26:00,641,1,1
1460,108674,2026-05-19 10:12:00,547,1,1
1461,108679,2026-06-01 17:23:00,690,0,0
1462,108680,2026-05-29 06:29:00,641,1,0
1463,108685,2026-05-10 10:02:00,606,1,1
1464,108686,2026-05-18 21:05:00,656,0,0
1465,108703,2026-06-03 06:55:00,644,0,0
1466,108721,2026-05-13 14:14:00,628,0,0
1467,108727,2026-06-02 16:36:00,714,1,1
1468,108732,2026-05-27 08:28:00,743,0,0
1469,108744,2026-05-29 14:35:00,549,0,0
1470,108745,2026-05-10 10:28:00,671,0,0
1471,108748,2026-05-12 22:03:00,563,1,0
1472,108752,2026-06-05 03:22:00,647,0,0
1473,108756,2026-05-25 18:19:00,592,1,1
1474,108758,2026-05-17 21:44:00,669,1,0
1475,108759,2026-06-10 06:41:00,601,1,1
1476,108766,2026-06-02 04:04:00,444,0,0
1477,108767,2026-05-10 02:56:00,690,1,1
1478,108769,2026-05-23 15:38:00,788,0,0
1479,108772,2026-05-11 07:31:00,760,1,1
1480,108794,2026-05-28 23:57:00,563,1,1
1481,108803,2026-05-10 06:59:00,659,0,0
1482,108810,2026-06-09 11:47:00,741,1,1
1483,108813,2026-05-24 17:57:00,641,0,0
1484,108820,2026-05-04 04:14:00,655,1,0
1485,108824,2026-05-23 08:09:00,640,1,0
1486,108826,2026-06-01 07:13:00,775,1,1
1487,108837,2026-06-01 06:16:00,803,0,0
1488,108854,2026-05-27 20:25:00,593,0,0
1489,108860,2026-06-04 22:30:00,587,1,1
1490,108863,2026-05-26 21:38:00,622,1,1
1491,108876,2026-06-01 15:38:00,644,0,0
1492,108878,2026-06-15 09:01:00,586,1,0
1493,108884,2026-05-03 22:30:00,596,1,1
1494,108887,2026-05-16 06:56:00,592,1,1
1495,108889,2026-05-27 07:22:00,541,1,1
1496,108894,2026-05-08 11:29:00,666,1,1
1497,108899,2026-05-04 22:47:00,717,1,1
1498,108912,2026-05-07 19:00:00,700,1,1
1499,108915,2026-05-16 22:45:00,614,0,0
1500,108924,2026-06-16 14:02:00,718,1,0
1501,108941,2026-05-04 14:12:00,561,1,1
1502,108945,2026-05-16 22:07:00,641,1,1
1503,108954,2026-05-12 22:42:00,524,0,0
1504,108958,2026-06-04 22:29:00,763,1,1
1505,108959,2026-05-28 12:39:00,608,0,0
1506,108961,2026-06-02 07:45:00,659,0,0
1507,108963,2026-05-23 05:22:00,553,0,0
1508,108968,2026-05-12 09:23:00,643,0,0
1509,108972,2026-06-03 07:30:00,734,1,1
1510,108973,2026-05-22 05:57:00,591,0,0
1511,108978,2026-05-31 13:15:00,713,1,1
1512,108979,2026-05-16 04:27:00,508,1,1
1513,108990,2026-05-23 00:40:00,586,1,1
1514,108997,2026-05-09 09:23:00,674,1,1
1515,109004,2026-06-05 09:56:00,636,1,0
1516,109019,2026-05-29 02:32:00,582,1,1
1517,109022,2026-05-18 16:07:00,579,1,1
1518,109028,2026-05-25 23:12:00,685,1,1
1519,109030,2026-05-16 06:42:00,609,1,1
1520,109031,2026-05-13 10:12:00,664,1,0
1521,109033,2026-05-30 07:02:00,638,0,0
1522,109044,2026-05-25 11:16:00,540,1,1
1523,109045,2026-05-29 00:31:00,773,1,0
1524,109048,2026-05-31 00:50:00,673,0,0
1525,109055,2026-06-06 10:23:00,617,1,1
1526,109061,2026-05-28 14:35:00,571,1,1
1527,109064,2026-05-13 06:07:00,612,0,0
1528,109066,2026-06-03 09:22:00,639,1,1
1529,109067,2026-05-19 15:43:00,728,0,0
1530,109076,2026-05-21 22:26:00,687,1,1
1531,109084,2026-05-27 10:57:00,693,1,1
1532,109095,2026-05-25 08:21:00,693,1,1
1533,109097,2026-05-25 20:15:00,683,1,1
1534,109101,2026-05-29 19:30:00,531,1,1
1535,109111,2026-05-17 02:01:00,656,1,1
1536,109114,2026-05-03 11:58:00,793,1,1
1537,109122,2026-05-28 16:28:00,485,1,1
1538,109125,2026-05-30 04:03:00,737,0,0
1539,109131,2026-05-12 07:51:00,676,0,0
1540,109140,2026-05-27 08:23:00,700,0,0
1541,109154,2026-06-11 01:44:00,702,1,1
1542,109157,2026-05-24 05:39:00,750,1,1
1543,109159,2026-05-12 15:43:00,655,0,0
1544,109183,2026-05-22 00:39:00,649,0,0
1545,109191,2026-05-22 21:50:00,651,1,1
1546,109196,2026-05-24 07:23:00,570,0,0
1547,109212,2026-06-04 14:33:00,664,0,0
1548,109228,2026-05-11 02:21:00,589,0,0
1549,109232,2026-05-29 04:06:00,604,0,0
1550,109237,2026-05-29 11:49:00,594,0,0
1551,109238,2026-05-27 22:43:00,678,0,0
1552,109246,2026-05-02 13:10:00,549,0,0
1553,109248,2026-05-19 16:29:00,692,0,0
1554,109264,2026-05-22 11:56:00,716,0,0
1555,109269,2026-06-06 11:27:00,739,1,1
1556,109271,2026-05-20 17:10:00,669,1,0
1557,109274,2026-05-30 01:39:00,669,0,0
1558,109279,2026-05-16 15:28:00,475,1,0
1559,109281,2026-06-04 01:33:00,704,0,0
1560,109286,2026-06-11 07:36:00,748,1,1
1561,109288,2026-05-21 14:23:00,728,1,1
1562,109291,2026-05-27 12:43:00,633,0,0
1563,109294,2026-05-14 21:14:00,633,0,0
1564,109298,2026-05-11 13:41:00,671,1,0
1565,109304,2026-05-26 19:35:00,698,1,1
1566,109307,2026-05-12 03:34:00,766,0,0
1567,109313,2026-05-07 01:56:00,596,1,1
1568,109318,2026-06-04 13:12:00,654,1,1
1569,109332,2026-06-01 06:11:00,513,0,0
1570,109334,2026-05-29 02:10:00,669,1,1
1571,109341,2026-05-27 01:08:00,667,1,1
1572,109342,2026-06-02 13:03:00,594,0,0
1573,109354,2026-06-05 06:00:00,595,1,1
1574,109363,2026-05-23 15:15:00,653,1,1
1575,109367,2026-05-17 00:06:00,764,1,1
1576,109370,2026-06-01 16:40:00,667,1,1
1577,109371,2026-05-24 21:49:00,641,1,1
1578,109379,2026-05-25 10:14:00,776,0,0
1579,109382,2026-06-05 23:46:00,681,1,1
1580,109385,2026-06-08 15:48:00,585,1,1
1581,109392,2026-05-17 11:37:00,691,0,0
1582,109395,2026-05-09 21:18:00,717,0,0
1583,109397,2026-05-24 11:39:00,652,0,0
1584,109410,2026-05-27 20:36:00,553,0,0
1585,109411,2026-05-11 04:51:00,629,0,0
1586,109416,2026-05-14 04:37:00,647,1,1
1587,109417,2026-05-09 17:49:00,562,1,1
1588,109426,2026-05-29 11:08:00,627,1,0
1589,109429,2026-05-26 16:22:00,607,0,0
1590,109434,2026-05-25 11:08:00,822,1,1
1591,109440,2026-05-21 19:36:00,605,0,0
1592,109445,2026-05-14 03:45:00,618,1,1
1593,109455,2026-05-25 09:03:00,712,1,1
1594,109458,2026-05-22 11:34:00,727,1,1
1595,109461,2026-05-25 09:40:00,638,1,1
1596,109466,2026-06-02 01:31:00,714,0,0
1597,109468,2026-05-30 10:38:00,496,0,0
1598,109469,2026-05-25 04:05:00,774,0,0
1599,109474,2026-05-23 01:25:00,542,0,0
1600,109477,2026-05-13 04:09:00,609,1,1
1601,109484,2026-05-23 10:25:00,775,1,1
1602,109486,2026-05-31 06:43:00,753,0,0
1603,109489,2026-05-22 07:00:00,569,0,0
1604,109490,2026-05-14 07:52:00,762,1,0
1605,109493,2026-06-07 19:41:00,674,0,0
1606,109496,2026-05-16 02:22:00,511,1,0
1607,109511,2026-05-28 21:08:00,709,0,0
1608,109512,2026-05-26 17:37:00,789,0,0
1609,109527,2026-05-30 06:03:00,666,1,1
1610,109542,2026-05-26 20:32:00,672,0,0
1611,109546,2026-05-06 15:35:00,727,1,1
1612,109547,2026-06-03 00:53:00,583,0,0
1613,109550,2026-05-16 06:53:00,710,1,1
1614,109552,2026-05-20 21:52:00,648,1,1
1615,109560,2026-05-24 16:49:00,599,1,0
1616,109570,2026-06-02 00:14:00,663,0,0
1617,109573,2026-05-26 13:42:00,567,0,0
1618,109590,2026-05-16 23:18:00,584,1,1
1619,109593,2026-05-16 14:34:00,697,0,0
1620,109595,2026-05-27 10:41:00,671,1,1
1621,109601,2026-05-26 10:34:00,592,0,0
1622,109608,2026-05-12 02:53:00,697,1,1
1623,109610,2026-05-11 11:08:00,675,0,0
1624,109613,2026-05-22 23:11:00,669,1,0
1625,109625,2026-05-27 15:28:00,553,1,0
1626,109639,2026-05-19 05:23:00,678,0,0
1627,109645,2026-05-25 15:31:00,715,1,1
1628,109652,2026-06-06 01:16:00,571,0,0
1629,109655,2026-05-06 16:41:00,547,1,0
1630,109659,2026-05-16 02:35:00,692,1,0
1631,109667,2026-05-12 11:01:00,503,1,1
1632,109668,2026-05-31 03:44:00,651,0,0
1633,109677,2026-06-02 20:20:00,794,1,0
1634,109678,2026-06-09 01:16:00,481,0,0
1635,109687,2026-05-14 12:40:00,466,1,1
1636,109695,2026-05-07 10:50:00,669,1,1
1637,109703,2026-05-09 21:04:00,536,1,0
1638,109709,2026-05-30 10:48:00,671,0,0
1639,109711,2026-05-05 15:20:00,601,1,1
1640,109718,2026-05-24 23:08:00,776,0,0
1641,109727,2026-05-19 15:56:00,592,0,0
1642,109745,2026-05-20 16:00:00,568,1,0
1643,109754,2026-06-04 21:57:00,573,1,0
1644,109758,2026-05-17 23:30:00,722,0,0
1645,109759,2026-05-19 14:41:00,495,1,1
1646,109760,2026-05-16 00:44:00,583,1,0
1647,109762,2026-05-29 08:39:00,676,1,1
1648,109768,2026-06-04 02:24:00,726,1,1
1649,109771,2026-05-22 03:01:00,654,1,1
1650,109776,2026-05-25 02:14:00,742,1,1
1651,109777,2026-05-10 05:33:00,664,0,0
1652,109778,2026-06-15 02:18:00,564,0,0
1653,109784,2026-05-17 03:32:00,512,0,0
1654,109785,2026-05-22 04:36:00,704,0,0
1655,109786,2026-05-25 07:43:00,605,0,0
1656,109787,2026-06-07 19:04:00,715,1,1
1657,109791,2026-05-20 02:11:00,753,0,0
1658,109798,2026-05-10 11:31:00,681,1,1
1659,109806,2026-05-04 09:19:00,668,0,0
1660,109813,2026-06-01 01:56:00,556,0,0
1661,109820,2026-05-28 21:56:00,678,1,1
1662,109825,2026-06-04 04:25:00,592,0,0
1663,109826,2026-05-11 07:11:00,642,1,1
1664,109828,2026-06-10 16:26:00,544,0,0
1665,109833,2026-06-15 20:21:00,501,1,1
1666,109835,2026-05-16 08:03:00,670,0,0
1667,109838,2026-05-25 13:32:00,509,0,0
1668,109841,2026-06-05 02:15:00,729,0,0
1669,109845,2026-05-26 17:42:00,713,0,0
1670,109847,2026-06-17 22:14:00,712,1,1
1671,109853,2026-05-18 02:28:00,724,0,0
1672,109859,2026-05-18 23:43:00,560,1,1
1673,109863,2026-05-21 20:26:00,760,1,1
1674,109866,2026-05-20 15:26:00,540,0,0
1675,109869,2026-05-22 07:39:00,655,1,1
1676,109874,2026-05-29 12:58:00,668,0,0
1677,109886,2026-06-02 11:37:00,685,0,0
1678,109896,2026-05-08 01:09:00,733,1,1
1679,109899,2026-06-04 04:05:00,692,0,0
1680,109910,2026-05-25 02:52:00,693,0,0
1681,109917,2026-06-06 16:15:00,591,0,0
1682,109930,2026-05-13 11:24:00,648,1,1
1683,109934,2026-05-23 13:47:00,651,0,0
1684,109937,2026-05-13 06:13:00,536,0,0
1685,109950,2026-05-26 12:28:00,713,1,1
1686,109962,2026-06-04 13:54:00,668,1,1
1687,109970,2026-05-20 17:04:00,652,1,1
1688,109980,2026-05-26 04:13:00,613,0,0
1689,109983,2026-05-27 03:00:00,704,0,0
1690,109985,2026-05-22 15:22:00,664,0,0
1691,109997,2026-06-07 07:44:00,786,1,1
1692,110008,2026-05-21 03:38:00,632,0,0
1693,110012,2026-05-23 08:50:00,519,1,0
1694,110013,2026-05-27 04:31:00,743,1,0
1695,110015,2026-05-11 06:50:00,658,0,0
1696,110020,2026-06-03 13:18:00,721,1,1
1697,110021,2026-06-05 08:46:00,765,0,0
1698,110040,2026-05-29 06:32:00,575,1,1
1699,110042,2026-05-14 13:37:00,584,0,0
1700,110048,2026-05-05 19:20:00,678,1,1
1701,110050,2026-06-13 15:35:00,726,1,0
1702,110054,2026-05-29 23:08:00,530,0,0
1703,110057,2026-06-13 07:48:00,724,1,0
1704,110062,2026-05-21 02:44:00,719,1,0
1705,110068,2026-05-04 07:48:00,709,1,1
1706,110074,2026-05-27 07:14:00,612,0,0
1707,110076,2026-06-04 16:19:00,615,0,0
1708,110079,2026-05-14 07:05:00,611,0,0
1709,110083,2026-05-10 15:44:00,650,0,0
1710,110089,2026-06-04 15:58:00,618,0,0
1711,110111,2026-06-08 23:07:00,714,0,0
1712,110123,2026-05-30 09:07:00,724,0,0
1713,110124,2026-06-01 04:06:00,695,0,0
1714,110128,2026-05-26 00:53:00,714,1,1
1715,110129,2026-06-03 04:12:00,637,0,0
1716,110140,2026-06-04 14:15:00,703,0,0
1717,110153,2026-05-16 21:05:00,710,1,1
1718,110158,2026-05-20 06:50:00,650,0,0
1719,110174,2026-06-02 09:59:00,617,0,0
1720,110186,2026-05-25 14:35:00,588,0,0
1721,110194,2026-05-13 23:40:00,529,0,0
1722,110198,2026-06-02 12:10:00,680,0,0
1723,110206,2026-05-24 13:05:00,639,0,0
1724,110212,2026-05-21 18:18:00,737,1,1
1725,110216,2026-05-24 17:30:00,635,0,0
1726,110221,2026-06-01 10:37:00,766,1,1
1727,110226,2026-06-02 10:52:00,534,1,1
1728,110246,2026-05-16 22:43:00,684,0,0
1729,110265,2026-05-09 00:11:00,694,1,1
1730,110269,2026-05-25 13:37:00,689,1,1
1731,110270,2026-05-25 11:17:00,583,1,1
1732,110275,2026-05-23 08:09:00,534,0,0
1733,110276,2026-05-14 12:05:00,620,0,0
1734,110281,2026-06-13 16:25:00,511,1,0
1735,110291,2026-05-30 00:22:00,649,1,1
1736,110292,2026-05-31 00:24:00,634,1,1
1737,110301,2026-06-06 20:25:00,526,1,1
1738,110302,2026-06-08 22:44:00,681,0,0
1739,110304,2026-06-12 10:22:00,770,0,0
1740,110320,2026-05-31 09:47:00,605,0,0
1741,110321,2026-06-09 08:47:00,540,0,0
1742,110325,2026-06-09 12:49:00,651,1,1
1743,110327,2026-05-25 07:06:00,688,0,0
1744,110329,2026-05-25 21:12:00,722,1,1
1745,110332,2026-05-24 17:43:00,621,1,1
1746,110333,2026-06-04 23:27:00,563,1,0
1747,110345,2026-06-07 02:28:00,692,1,0
1748,110347,2026-06-15 09:37:00,587,0,0
1749,110352,2026-06-06 11:53:00,662,1,1
1750,110363,2026-05-26 04:39:00,625,0,0
1751,110367,2026-05-12 19:57:00,649,1,1
1752,110369,2026-05-30 20:19:00,633,1,1
1753,110370,2026-05-17 08:32:00,507,0,0
1754,110371,2026-06-12 03:14:00,556,1,1
1755,110374,2026-05-27 12:14:00,735,0,0
1756,110380,2026-05-25 21:46:00,529,0,0
1757,110385,2026-05-21 06:41:00,652,1,1
1758,110393,2026-05-06 17:13:00,607,1,1
1759,110399,2026-05-22 09:48:00,608,1,1
1760,110401,2026-05-26 05:33:00,691,0,0
1761,110414,2026-06-07 07:29:00,710,0,0
1762,110415,2026-05-30 17:37:00,581,1,0
1763,110416,2026-06-03 12:34:00,635,0,0
1764,110419,2026-05-22 09:17:00,719,1,0
1765,110424,2026-05-26 18:35:00,641,1,1
1766,110429,2026-05-17 07:50:00,718,0,0
1767,110431,2026-05-23 02:59:00,716,1,1
1768,110432,2026-05-08 06:33:00,730,0,0
1769,110439,2026-05-27 10:49:00,810,1,1
1770,110441,2026-05-26 08:16:00,759,0,0
1771,110447,2026-05-26 12:08:00,706,0,0
1772,110450,2026-05-06 02:59:00,567,1,1
1773,110452,2026-05-28 05:53:00,737,1,1
1774,110473,2026-05-22 15:20:00,811,1,1
1775,110474,2026-05-10 11:10:00,606,0,0
1776,110478,2026-06-01 22:45:00,682,0,0
1777,110479,2026-05-29 12:08:00,635,1,1
1778,110482,2026-05-26 08:21:00,713,1,1
1779,110488,2026-05-27 02:13:00,648,0,0
1780,110499,2026-05-29 11:48:00,627,0,0
1781,110501,2026-05-31 18:54:00,774,1,1
1782,110505,2026-05-29 21:19:00,499,0,0
1783,110507,2026-05-27 22:10:00,667,1,1
1784,110511,2026-05-25 14:54:00,692,1,1
1785,110513,2026-06-03 16:39:00,642,1,1
1786,110515,2026-05-11 12:02:00,701,0,0
1787,110516,2026-05-15 17:46:00,754,0,0
1788,110517,2026-06-01 20:57:00,736,1,1
1789,110525,2026-05-26 20:09:00,621,1,1
1790,110527,2026-05-09 16:53:00,744,1,1
1791,110532,2026-06-10 17:25:00,672,1,0
1792,110540,2026-05-28 08:55:00,630,0,0
1793,110549,2026-06-11 23:15:00,570,1,0
1794,110557,2026-05-18 18:58:00,696,1,1
1795,110565,2026-05-24 15:19:00,673,0,0
1796,110576,2026-05-02 18:59:00,486,1,1
1797,110577,2026-06-12 17:37:00,477,1,1
1798,110580,2026-06-03 14:31:00,738,0,0
1799,110583,2026-05-13 06:09:00,610,0,0
1800,110585,2026-05-03 11:01:00,647,1,0
1801,110593,2026-05-25 16:03:00,713,1,1
1802,110594,2026-06-03 15:37:00,731,1,1
1803,110605,2026-06-04 16:41:00,675,1,1
1804,110606,2026-05-19 07:19:00,702,0,0
1805,110611,2026-06-09 11:51:00,706,1,1
1806,110619,2026-05-30 13:25:00,689,1,1
1807,110624,2026-05-24 03:11:00,612,1,1
1808,110627,2026-05-11 14:46:00,640,0,0
1809,110643,2026-06-05 19:09:00,707,0,0
1810,110656,2026-05-12 23:06:00,655,0,0
1811,110663,2026-05-24 15:34:00,502,0,0
1812,110670,2026-05-11 20:24:00,532,0,0
1813,110679,2026-05-26 11:39:00,694,0,0
1814,110684,2026-05-29 13:20:00,710,1,1
1815,110693,2026-05-30 03:50:00,653,1,1
1816,110698,2026-06-10 03:49:00,850,1,0
1817,110700,2026-06-03 03:13:00,700,1,1
1818,110705,2026-05-29 01:08:00,742,1,1
1819,110711,2026-05-13 08:49:00,630,1,1
1820,110712,2026-05-23 13:10:00,636,1,1
1821,110724,2026-06-09 00:27:00,595,0,0
1822,110726,2026-05-08 17:46:00,586,0,0
1823,110728,2026-05-24 09:28:00,821,0,0
1824,110752,2026-06-03 19:44:00,683,0,0
1825,110756,2026-06-07 02:38:00,611,1,0
1826,110761,2026-05-27 16:59:00,680,0,0
1827,110764,2026-05-06 06:44:00,633,0,0
1828,110769,2026-06-04 16:21:00,715,1,1
1829,110770,2026-05-10 07:22:00,526,0,0
1830,110773,2026-05-18 13:56:00,586,1,1
1831,110777,2026-06-07 01:43:00,652,0,0
1832,110778,2026-06-05 23:01:00,549,0,0
1833,110781,2026-06-10 06:48:00,527,1,1
1834,110789,2026-05-23 06:26:00,758,1,1
1835,110793,2026-05-07 11:54:00,719,0,0
1836,110799,2026-06-02 03:19:00,575,1,0
1837,110811,2026-05-27 12:47:00,722,0,0
1838,110816,2026-06-03 15:17:00,662,1,1
1839,110822,2026-05-11 15:37:00,737,1,1
1840,110824,2026-06-16 01:31:00,660,0,0
1841,110826,2026-05-27 05:20:00,570,0,0
1842,110829,2026-05-28 16:12:00,714,1,0
1843,110830,2026-05-31 12:49:00,712,0,0
1844,110831,2026-05-19 06:24:00,685,0,0
1845,110832,2026-05-18 12:30:00,605,0,0
1846,110833,2026-05-21 02:49:00,669,0,0
1847,110861,2026-06-05 23:11:00,758,1,1
1848,110862,2026-06-03 03:07:00,713,0,0
1849,110864,2026-05-08 18:29:00,688,1,1
1850,110867,2026-05-30 10:00:00,756,1,1
1851,110871,2026-06-15 04:15:00,729,1,1
1852,110875,2026-05-21 19:57:00,728,0,0
1853,110884,2026-06-07 02:47:00,789,0,0
1854,110885,2026-05-08 18:16:00,691,0,0
1855,110888,2026-05-08 02:30:00,656,1,1
1856,110893,2026-05-06 15:27:00,680,1,0
1857,110903,2026-05-18 10:19:00,598,1,1
1858,110907,2026-06-06 20:20:00,659,1,0
1859,110915,2026-05-28 14:19:00,719,0,0
1860,110922,2026-05-27 18:36:00,607,0,0
1861,110925,2026-06-13 09:39:00,637,1,1
1862,110932,2026-05-25 22:09:00,623,0,0
1863,110935,2026-05-06 14:37:00,501,0,0
1864,110937,2026-05-26 14:15:00,702,1,1
1865,110940,2026-05-13 04:41:00,447,1,1
1866,110954,2026-06-02 12:24:00,591,0,0
1867,110959,2026-05-09 14:18:00,653,1,0
1868,110961,2026-05-31 03:53:00,692,1,1
1869,110967,2026-05-21 14:25:00,750,1,0
1870,110983,2026-05-27 17:42:00,602,1,1
1871,110986,2026-05-06 23:48:00,476,0,0
1872,110991,2026-05-25 21:16:00,748,1,0
1873,111004,2026-05-11 07:19:00,542,1,1
1874,111016,2026-05-08 07:43:00,424,0,0
1875,111023,2026-05-12 02:39:00,592,1,1
1876,111034,2026-05-30 07:21:00,636,1,1
1877,111038,2026-05-05 12:49:00,669,0,0
1878,111041,2026-05-27 19:41:00,742,1,1
1879,111043,2026-05-14 00:29:00,643,0,0
1880,111046,2026-05-25 13:29:00,611,1,1
1881,111047,2026-05-06 23:57:00,577,1,1
1882,111051,2026-05-13 04:25:00,683,0,0
1883,111054,2026-05-10 05:23:00,536,1,1
1884,111088,2026-05-21 20:17:00,641,0,0
1885,111093,2026-06-12 12:23:00,629,0,0
1886,111102,2026-06-07 08:26:00,722,1,1
1887,111104,2026-05-14 13:26:00,702,1,1
1888,111108,2026-06-02 17:07:00,781,1,1
1889,111109,2026-05-12 09:27:00,556,0,0
1890,111113,2026-05-19 16:20:00,700,1,1
1891,111114,2026-06-03 05:32:00,714,1,1
1892,111116,2026-05-15 17:32:00,545,0,0
1893,111124,2026-05-15 02:35:00,664,1,0
1894,111127,2026-05-25 06:59:00,679,1,1
1895,111133,2026-05-25 10:34:00,512,0,0
1896,111139,2026-05-14 16:23:00,724,0,0
1897,111140,2026-05-30 06:03:00,796,1,1
1898,111141,2026-05-30 09:19:00,775,1,1
1899,111148,2026-05-20 22:38:00,807,0,0
1900,111158,2026-05-08 08:00:00,727,1,1
1901,111168,2026-06-14 14:20:00,594,0,0
1902,111177,2026-05-11 07:51:00,625,0,0
1903,111191,2026-06-08 06:18:00,555,0,0
1904,111196,2026-05-04 14:40:00,621,1,0
1905,111197,2026-06-04 17:10:00,573,0,0
1906,111213,2026-05-30 12:44:00,500,0,0
1907,111219,2026-05-31 01:38:00,766,1,1
1908,111221,2026-05-15 12:06:00,515,1,1
1909,111225,2026-06-04 17:53:00,682,1,1
1910,111233,2026-05-16 05:44:00,746,1,1
1911,111237,2026-06-14 01:23:00,657,0,0
1912,111239,2026-06-05 17:22:00,552,1,1
1913,111241,2026-06-06 05:54:00,635,1,1
1914,111263,2026-05-29 22:25:00,770,1,1
1915,111274,2026-05-13 10:40:00,629,1,1
1916,111277,2026-06-02 23:37:00,677,1,1
1917,111295,2026-05-25 01:31:00,651,1,1
1918,111301,2026-05-27 04:19:00,748,1,1
1919,111314,2026-05-24 08:30:00,687,1,1
1920,111315,2026-05-18 06:15:00,408,0,0
1921,111321,2026-05-15 11:30:00,567,0,0
1922,111322,2026-05-19 13:35:00,611,1,0
1923,111324,2026-05-22 02:20:00,603,0,0
1924,111325,2026-06-10 02:17:00,592,1,1
1925,111335,2026-05-28 18:49:00,791,1,0
1926,111340,2026-05-08 20:54:00,660,0,0
1927,111343,2026-05-29 01:34:00,654,0,0
1928,111345,2026-05-31 01:26:00,774,1,1
1929,111354,2026-06-10 05:10:00,558,0,0
1930,111358,2026-05-21 02:35:00,845,0,0
1931,111371,2026-06-11 03:02:00,605,0,0
1932,111393,2026-05-24 00:16:00,622,0,0
1933,111400,2026-05-29 15:45:00,717,1,1
1934,111401,2026-06-05 22:41:00,471,0,0
1935,111406,2026-06-04 04:56:00,566,1,1
1936,111408,2026-05-22 12:53:00,584,1,1
1937,111410,2026-05-20 00:39:00,733,0,0
1938,111412,2026-05-24 19:40:00,605,1,1
1939,111430,2026-05-17 16:48:00,662,1,0
1940,111431,2026-05-31 00:57:00,755,1,0
1941,111432,2026-05-24 17:22:00,647,0,0
1942,111435,2026-05-30 05:31:00,530,0,0
1943,111438,2026-05-19 23:40:00,631,0,0
1944,111443,2026-05-29 16:08:00,766,0,0
1945,111447,2026-05-19 21:41:00,623,0,0
1946,111448,2026-05-17 17:31:00,628,1,1
1947,111470,2026-05-04 09:07:00,578,0,0
1948,111472,2026-05-31 21:15:00,508,0,0
1949,111478,2026-06-07 18:44:00,573,1,1
1950,111495,2026-06-01 03:48:00,602,0,0
1951,111496,2026-05-30 02:32:00,639,1,0
1952,111505,2026-05-12 08:05:00,529,1,1
1953,111508,2026-05-27 03:26:00,675,0,0
1954,111521,2026-05-22 03:48:00,639,1,0
1955,111526,2026-05-28 06:24:00,666,1,0
1956,111527,2026-05-24 23:56:00,679,1,1
1957,111529,2026-05-13 23:20:00,764,1,1
1958,111537,2026-06-05 09:21:00,649,1,0
1959,111538,2026-05-19 07:48:00,588,1,1
1960,111540,2026-05-21 03:01:00,704,0,0
1961,111542,2026-05-16 21:40:00,739,0,0
1962,111545,2026-05-24 18:31:00,592,1,0
1963,111551,2026-05-19 17:04:00,700,1,0
1964,111556,2026-05-24 20:09:00,793,1,0
1965,111557,2026-05-26 13:30:00,657,0,0
1966,111569,2026-05-16 06:15:00,570,1,1
1967,111577,2026-06-01 11:28:00,662,1,1
1968,111581,2026-05-29 01:09:00,607,0,0
1969,111584,2026-06-05 07:28:00,571,0,0
1970,111586,2026-05-19 16:26:00,599,0,0
1971,111596,2026-06-04 21:30:00,772,0,0
1972,111605,2026-05-20 18:10:00,746,0,0
1973,111608,2026-05-17 16:23:00,601,0,0
1974,111611,2026-06-02 20:18:00,557,0,0
1975,111629,2026-06-04 06:25:00,740,1,1
1976,111631,2026-06-06 21:24:00,492,1,1
1977,111648,2026-05-24 15:01:00,744,1,0
1978,111651,2026-05-10 13:01:00,635,1,1
1979,111655,2026-05-16 19:16:00,685,0,0
1980,111661,2026-05-29 10:30:00,585,1,0
1981,111670,2026-05-28 22:21:00,845,1,1
1982,111671,2026-05-29 00:08:00,745,1,0
1983,111672,2026-05-23 21:54:00,502,1,1
1984,111676,2026-05-02 04:42:00,713,1,1
1985,111683,2026-05-24 06:35:00,587,1,1
1986,111702,2026-05-12 07:52:00,710,1,1
1987,111704,2026-05-19 07:40:00,604,1,0
1988,111711,2026-05-14 09:07:00,701,1,0
1989,111712,2026-05-15 14:33:00,736,0,0
1990,111717,2026-05-30 22:01:00,568,1,0
1991,111722,2026-05-22 15:06:00,477,0,0
1992,111724,2026-06-06 18:06:00,631,0,0
1993,111733,2026-05-14 22:57:00,667,0,0
1994,111734,2026-05-23 15:46:00,702,1,1
1995,111736,2026-05-08 14:15:00,597,0,0
1996,111738,2026-05-18 22:52:00,654,0,0
1997,111741,2026-05-29 17:39:00,655,1,1
1998,111743,2026-05-27 06:45:00,850,1,0
1999,111746,2026-05-30 18:27:00,784,1,1
2000,111747,2026-06-01 00:14:00,603,0,0
2001,111755,2026-05-27 03:08:00,545,0,0
2002,111762,2026-06-04 15:00:00,633,1,1
2003,111766,2026-05-23 03:42:00,618,1,1
2004,111769,2026-05-30 16:16:00,697,0,0
2005,111772,2026-05-22 00:11:00,682,0,0
2006,111776,2026-06-03 15:30:00,546,1,1
2007,111783,2026-05-27 21:26:00,487,1,0
2008,111784,2026-06-03 19:26:00,659,0,0
2009,111791,2026-05-12 13:28:00,719,0,0
2010,111792,2026-05-22 08:55:00,615,1,1
2011,111795,2026-05-14 19:17:00,592,1,0
2012,111798,2026-05-27 20:24:00,586,1,1
2013,111805,2026-05-23 15:55:00,792,0,0
2014,111809,2026-05-06 21:07:00,541,1,1
2015,111811,2026-06-04 14:10:00,534,0,0
2016,111814,2026-05-16 12:21:00,824,1,1
2017,111818,2026-06-03 20:59:00,666,0,0
2018,111825,2026-05-22 20:46:00,649,1,1
2019,111826,2026-06-05 19:15:00,733,0,0
2020,111836,2026-05-23 18:24:00,599,1,1
2021,111850,2026-06-04 13:23:00,660,0,0
2022,111852,2026-05-30 03:07:00,683,1,0
2023,111873,2026-05-25 09:05:00,774,0,0
2024,111876,2026-05-22 00:43:00,682,1,1
2025,111878,2026-05-21 15:56:00,648,0,0
2026,111885,2026-05-24 21:46:00,716,1,1
2027,111894,2026-05-22 02:44:00,672,1,1
2028,111895,2026-05-17 01:54:00,746,1,1
2029,111924,2026-05-22 14:57:00,610,1,0
2030,111930,2026-05-23 07:00:00,650,1,0
2031,111935,2026-05-11 00:12:00,674,0,0
2032,111939,2026-05-15 05:49:00,555,1,1
2033,111944,2026-05-31 02:52:00,850,1,1
2034,111952,2026-05-12 09:55:00,640,1,1
2035,111966,2026-05-29 17:29:00,680,0,0
2036,111969,2026-05-31 18:52:00,787,1,1
2037,111972,2026-05-19 12:43:00,667,1,0
2038,111976,2026-05-31 13:57:00,674,0,0
2039,111977,2026-05-13 20:19:00,599,0,0
2040,111979,2026-06-01 05:39:00,727,1,0
2041,111981,2026-05-15 18:17:00,743,1,1
2042,111983,2026-05-13 06:00:00,684,1,1
2043,111989,2026-06-02 16:36:00,519,0,0
